image,y_min,x_min,y_max,x_max,image_path
1.jpg,276,94,326,169,/content/dataset/Licplatesdetection_train/license_plates_detection_train/1.jpg
10.jpg,311,395,344,444,/content/dataset/Licplatesdetection_train/license_plates_detection_train/10.jpg
100.jpg,406,263,450,434,/content/dataset/Licplatesdetection_train/license_plates_detection_train/100.jpg
101.jpg,283,363,315,494,/content/dataset/Licplatesdetection_train/license_plates_detection_train/101.jpg
102.jpg,139,42,280,222,/content/dataset/Licplatesdetection_train/license_plates_detection_train/102.jpg
103.jpg,437,320,475,450,/content/dataset/Licplatesdetection_train/license_plates_detection_train/103.jpg
104.jpg,482,511,547,623,/content/dataset/Licplatesdetection_train/license_plates_detection_train/104.jpg
105.jpg,281,452,330,535,/content/dataset/Licplatesdetection_train/license_plates_detection_train/105.jpg
106.jpg,309,172,332,281,/content/dataset/Licplatesdetection_train/license_plates_detection_train/106.jpg
107.jpg,399,328,425,441,/content/dataset/Licplatesdetection_train/license_plates_detection_train/107.jpg
108.jpg,98,611,379,681,/content/dataset/Licplatesdetection_train/license_plates_detection_train/108.jpg
109.jpg,236,137,255,222,/content/dataset/Licplatesdetection_train/license_plates_detection_train/109.jpg
11.jpg,378,359,421,545,/content/dataset/Licplatesdetection_train/license_plates_detection_train/11.jpg
110.jpg,307,529,372,641,/content/dataset/Licplatesdetection_train/license_plates_detection_train/110.jpg
111.jpg,305,23,384,113,/content/dataset/Licplatesdetection_train/license_plates_detection_train/111.jpg
112.jpg,264,345,388,386,/content/dataset/Licplatesdetection_train/license_plates_detection_train/112.jpg
113.jpg,278,361,318,493,/content/dataset/Licplatesdetection_train/license_plates_detection_train/113.jpg
114.jpg,366,328,398,454,/content/dataset/Licplatesdetection_train/license_plates_detection_train/114.jpg
115.jpg,348,120,385,262,/content/dataset/Licplatesdetection_train/license_plates_detection_train/115.jpg
116.jpg,411,114,468,291,/content/dataset/Licplatesdetection_train/license_plates_detection_train/116.jpg
117.jpg,305,258,343,440,/content/dataset/Licplatesdetection_train/license_plates_detection_train/117.jpg
118.jpg,276,38,333,96,/content/dataset/Licplatesdetection_train/license_plates_detection_train/118.jpg
119.jpg,299,610,365,662,/content/dataset/Licplatesdetection_train/license_plates_detection_train/119.jpg
12.jpg,402,243,450,385,/content/dataset/Licplatesdetection_train/license_plates_detection_train/12.jpg
120.jpg,224,545,259,597,/content/dataset/Licplatesdetection_train/license_plates_detection_train/120.jpg
121.jpg,403,333,432,499,/content/dataset/Licplatesdetection_train/license_plates_detection_train/121.jpg
122.jpg,336,126,359,258,/content/dataset/Licplatesdetection_train/license_plates_detection_train/122.jpg
123.jpg,287,120,302,193,/content/dataset/Licplatesdetection_train/license_plates_detection_train/123.jpg
124.jpg,481,276,507,442,/content/dataset/Licplatesdetection_train/license_plates_detection_train/124.jpg
125.jpg,314,191,386,338,/content/dataset/Licplatesdetection_train/license_plates_detection_train/125.jpg
126.jpg,372,138,392,250,/content/dataset/Licplatesdetection_train/license_plates_detection_train/126.jpg
127.jpg,348,414,381,536,/content/dataset/Licplatesdetection_train/license_plates_detection_train/127.jpg
128.jpg,284,153,316,252,/content/dataset/Licplatesdetection_train/license_plates_detection_train/128.jpg
129.jpg,324,130,352,253,/content/dataset/Licplatesdetection_train/license_plates_detection_train/129.jpg
13.jpg,347,285,397,562,/content/dataset/Licplatesdetection_train/license_plates_detection_train/13.jpg
130.jpg,367,99,448,212,/content/dataset/Licplatesdetection_train/license_plates_detection_train/130.jpg
131.jpg,392,119,439,285,/content/dataset/Licplatesdetection_train/license_plates_detection_train/131.jpg
132.jpg,318,517,397,641,/content/dataset/Licplatesdetection_train/license_plates_detection_train/132.jpg
133.jpg,413,135,440,259,/content/dataset/Licplatesdetection_train/license_plates_detection_train/133.jpg
134.jpg,146,366,341,415,/content/dataset/Licplatesdetection_train/license_plates_detection_train/134.jpg
135.jpg,361,171,383,265,/content/dataset/Licplatesdetection_train/license_plates_detection_train/135.jpg
136.jpg,213,152,246,292,/content/dataset/Licplatesdetection_train/license_plates_detection_train/136.jpg
137.jpg,252,429,362,549,/content/dataset/Licplatesdetection_train/license_plates_detection_train/137.jpg
138.jpg,278,130,294,194,/content/dataset/Licplatesdetection_train/license_plates_detection_train/138.jpg
139.jpg,309,61,356,143,/content/dataset/Licplatesdetection_train/license_plates_detection_train/139.jpg
14.jpg,376,289,417,501,/content/dataset/Licplatesdetection_train/license_plates_detection_train/14.jpg
140.jpg,339,309,393,517,/content/dataset/Licplatesdetection_train/license_plates_detection_train/140.jpg
141.jpg,307,201,379,325,/content/dataset/Licplatesdetection_train/license_plates_detection_train/141.jpg
142.jpg,283,625,347,661,/content/dataset/Licplatesdetection_train/license_plates_detection_train/142.jpg
143.jpg,280,419,320,492,/content/dataset/Licplatesdetection_train/license_plates_detection_train/143.jpg
144.jpg,286,159,303,245,/content/dataset/Licplatesdetection_train/license_plates_detection_train/144.jpg
145.jpg,235,176,266,302,/content/dataset/Licplatesdetection_train/license_plates_detection_train/145.jpg
146.jpg,261,515,336,583,/content/dataset/Licplatesdetection_train/license_plates_detection_train/146.jpg
147.jpg,352,248,413,460,/content/dataset/Licplatesdetection_train/license_plates_detection_train/147.jpg
148.jpg,184,145,241,241,/content/dataset/Licplatesdetection_train/license_plates_detection_train/148.jpg
149.jpg,328,156,351,250,/content/dataset/Licplatesdetection_train/license_plates_detection_train/149.jpg
15.jpg,379,69,405,190,/content/dataset/Licplatesdetection_train/license_plates_detection_train/15.jpg
150.jpg,318,165,344,272,/content/dataset/Licplatesdetection_train/license_plates_detection_train/150.jpg
151.jpg,429,316,472,554,/content/dataset/Licplatesdetection_train/license_plates_detection_train/151.jpg
152.jpg,384,153,444,285,/content/dataset/Licplatesdetection_train/license_plates_detection_train/152.jpg
153.jpg,297,139,330,286,/content/dataset/Licplatesdetection_train/license_plates_detection_train/153.jpg
154.jpg,328,187,367,310,/content/dataset/Licplatesdetection_train/license_plates_detection_train/154.jpg
155.jpg,196,186,213,271,/content/dataset/Licplatesdetection_train/license_plates_detection_train/155.jpg
156.jpg,284,149,341,276,/content/dataset/Licplatesdetection_train/license_plates_detection_train/156.jpg
157.jpg,369,268,419,384,/content/dataset/Licplatesdetection_train/license_plates_detection_train/157.jpg
158.jpg,118,513,253,558,/content/dataset/Licplatesdetection_train/license_plates_detection_train/158.jpg
159.jpg,310,62,351,142,/content/dataset/Licplatesdetection_train/license_plates_detection_train/159.jpg
16.jpg,314,255,359,428,/content/dataset/Licplatesdetection_train/license_plates_detection_train/16.jpg
160.jpg,402,276,457,530,/content/dataset/Licplatesdetection_train/license_plates_detection_train/160.jpg
161.jpg,186,111,204,207,/content/dataset/Licplatesdetection_train/license_plates_detection_train/161.jpg
162.jpg,379,412,470,556,/content/dataset/Licplatesdetection_train/license_plates_detection_train/162.jpg
163.jpg,154,440,298,473,/content/dataset/Licplatesdetection_train/license_plates_detection_train/163.jpg
164.jpg,333,146,369,272,/content/dataset/Licplatesdetection_train/license_plates_detection_train/164.jpg
165.jpg,331,268,372,448,/content/dataset/Licplatesdetection_train/license_plates_detection_train/165.jpg
166.jpg,480,133,510,271,/content/dataset/Licplatesdetection_train/license_plates_detection_train/166.jpg
167.jpg,269,440,320,538,/content/dataset/Licplatesdetection_train/license_plates_detection_train/167.jpg
168.jpg,80,506,344,612,/content/dataset/Licplatesdetection_train/license_plates_detection_train/168.jpg
169.jpg,134,498,227,619,/content/dataset/Licplatesdetection_train/license_plates_detection_train/169.jpg
17.jpg,397,200,498,380,/content/dataset/Licplatesdetection_train/license_plates_detection_train/17.jpg
170.jpg,262,396,290,530,/content/dataset/Licplatesdetection_train/license_plates_detection_train/170.jpg
171.jpg,301,123,353,233,/content/dataset/Licplatesdetection_train/license_plates_detection_train/171.jpg
172.jpg,391,331,453,490,/content/dataset/Licplatesdetection_train/license_plates_detection_train/172.jpg
173.jpg,386,45,428,168,/content/dataset/Licplatesdetection_train/license_plates_detection_train/173.jpg
174.jpg,257,103,282,192,/content/dataset/Licplatesdetection_train/license_plates_detection_train/174.jpg
175.jpg,364,311,417,562,/content/dataset/Licplatesdetection_train/license_plates_detection_train/175.jpg
176.jpg,301,658,359,762,/content/dataset/Licplatesdetection_train/license_plates_detection_train/176.jpg
177.jpg,385,139,406,258,/content/dataset/Licplatesdetection_train/license_plates_detection_train/177.jpg
178.jpg,365,311,420,561,/content/dataset/Licplatesdetection_train/license_plates_detection_train/178.jpg
179.jpg,281,66,317,145,/content/dataset/Licplatesdetection_train/license_plates_detection_train/179.jpg
18.jpg,176,354,348,395,/content/dataset/Licplatesdetection_train/license_plates_detection_train/18.jpg
180.jpg,266,552,319,646,/content/dataset/Licplatesdetection_train/license_plates_detection_train/180.jpg
181.jpg,217,118,241,208,/content/dataset/Licplatesdetection_train/license_plates_detection_train/181.jpg
182.jpg,293,103,321,221,/content/dataset/Licplatesdetection_train/license_plates_detection_train/182.jpg
183.jpg,120,478,296,515,/content/dataset/Licplatesdetection_train/license_plates_detection_train/183.jpg
184.jpg,239,120,263,216,/content/dataset/Licplatesdetection_train/license_plates_detection_train/184.jpg
185.jpg,378,230,423,438,/content/dataset/Licplatesdetection_train/license_plates_detection_train/185.jpg
186.jpg,392,207,424,344,/content/dataset/Licplatesdetection_train/license_plates_detection_train/186.jpg
187.jpg,329,377,438,406,/content/dataset/Licplatesdetection_train/license_plates_detection_train/187.jpg
188.jpg,264,223,312,435,/content/dataset/Licplatesdetection_train/license_plates_detection_train/188.jpg
189.jpg,227,192,266,277,/content/dataset/Licplatesdetection_train/license_plates_detection_train/189.jpg
19.jpg,263,96,301,206,/content/dataset/Licplatesdetection_train/license_plates_detection_train/19.jpg
190.jpg,266,50,315,221,/content/dataset/Licplatesdetection_train/license_plates_detection_train/190.jpg
191.jpg,295,334,326,471,/content/dataset/Licplatesdetection_train/license_plates_detection_train/191.jpg
192.jpg,396,302,432,453,/content/dataset/Licplatesdetection_train/license_plates_detection_train/192.jpg
193.jpg,357,593,419,694,/content/dataset/Licplatesdetection_train/license_plates_detection_train/193.jpg
194.jpg,416,110,473,257,/content/dataset/Licplatesdetection_train/license_plates_detection_train/194.jpg
195.jpg,370,290,420,446,/content/dataset/Licplatesdetection_train/license_plates_detection_train/195.jpg
196.jpg,263,181,280,269,/content/dataset/Licplatesdetection_train/license_plates_detection_train/196.jpg
197.jpg,302,100,329,206,/content/dataset/Licplatesdetection_train/license_plates_detection_train/197.jpg
198.jpg,294,146,316,216,/content/dataset/Licplatesdetection_train/license_plates_detection_train/198.jpg
199.jpg,191,145,220,279,/content/dataset/Licplatesdetection_train/license_plates_detection_train/199.jpg
2.jpg,297,96,324,209,/content/dataset/Licplatesdetection_train/license_plates_detection_train/2.jpg
20.jpg,232,153,270,192,/content/dataset/Licplatesdetection_train/license_plates_detection_train/20.jpg
200.jpg,437,200,475,386,/content/dataset/Licplatesdetection_train/license_plates_detection_train/200.jpg
201.jpg,368,257,409,461,/content/dataset/Licplatesdetection_train/license_plates_detection_train/201.jpg
202.jpg,239,179,274,212,/content/dataset/Licplatesdetection_train/license_plates_detection_train/202.jpg
203.jpg,327,175,385,263,/content/dataset/Licplatesdetection_train/license_plates_detection_train/203.jpg
204.jpg,345,150,374,291,/content/dataset/Licplatesdetection_train/license_plates_detection_train/204.jpg
205.jpg,379,495,431,595,/content/dataset/Licplatesdetection_train/license_plates_detection_train/205.jpg
206.jpg,355,96,389,207,/content/dataset/Licplatesdetection_train/license_plates_detection_train/206.jpg
207.jpg,174,501,316,537,/content/dataset/Licplatesdetection_train/license_plates_detection_train/207.jpg
208.jpg,154,562,321,615,/content/dataset/Licplatesdetection_train/license_plates_detection_train/208.jpg
209.jpg,360,47,409,109,/content/dataset/Licplatesdetection_train/license_plates_detection_train/209.jpg
21.jpg,432,300,473,494,/content/dataset/Licplatesdetection_train/license_plates_detection_train/21.jpg
210.jpg,304,297,349,484,/content/dataset/Licplatesdetection_train/license_plates_detection_train/210.jpg
211.jpg,265,97,291,207,/content/dataset/Licplatesdetection_train/license_plates_detection_train/211.jpg
212.jpg,240,89,269,202,/content/dataset/Licplatesdetection_train/license_plates_detection_train/212.jpg
213.jpg,339,312,388,507,/content/dataset/Licplatesdetection_train/license_plates_detection_train/213.jpg
214.jpg,319,521,400,645,/content/dataset/Licplatesdetection_train/license_plates_detection_train/214.jpg
215.jpg,319,99,341,202,/content/dataset/Licplatesdetection_train/license_plates_detection_train/215.jpg
216.jpg,397,107,455,247,/content/dataset/Licplatesdetection_train/license_plates_detection_train/216.jpg
217.jpg,260,107,292,155,/content/dataset/Licplatesdetection_train/license_plates_detection_train/217.jpg
218.jpg,281,151,342,276,/content/dataset/Licplatesdetection_train/license_plates_detection_train/218.jpg
219.jpg,407,269,456,506,/content/dataset/Licplatesdetection_train/license_plates_detection_train/219.jpg
22.jpg,236,162,256,262,/content/dataset/Licplatesdetection_train/license_plates_detection_train/22.jpg
220.jpg,343,110,413,274,/content/dataset/Licplatesdetection_train/license_plates_detection_train/220.jpg
221.jpg,322,248,368,442,/content/dataset/Licplatesdetection_train/license_plates_detection_train/221.jpg
222.jpg,172,190,192,291,/content/dataset/Licplatesdetection_train/license_plates_detection_train/222.jpg
223.jpg,390,357,423,496,/content/dataset/Licplatesdetection_train/license_plates_detection_train/223.jpg
224.jpg,330,116,421,281,/content/dataset/Licplatesdetection_train/license_plates_detection_train/224.jpg
225.jpg,320,108,350,232,/content/dataset/Licplatesdetection_train/license_plates_detection_train/225.jpg
226.jpg,335,668,395,762,/content/dataset/Licplatesdetection_train/license_plates_detection_train/226.jpg
227.jpg,344,345,377,479,/content/dataset/Licplatesdetection_train/license_plates_detection_train/227.jpg
228.jpg,422,338,468,551,/content/dataset/Licplatesdetection_train/license_plates_detection_train/228.jpg
229.jpg,272,285,319,493,/content/dataset/Licplatesdetection_train/license_plates_detection_train/229.jpg
23.jpg,289,85,321,190,/content/dataset/Licplatesdetection_train/license_plates_detection_train/23.jpg
230.jpg,403,293,432,410,/content/dataset/Licplatesdetection_train/license_plates_detection_train/230.jpg
231.jpg,282,401,325,563,/content/dataset/Licplatesdetection_train/license_plates_detection_train/231.jpg
232.jpg,293,152,317,267,/content/dataset/Licplatesdetection_train/license_plates_detection_train/232.jpg
233.jpg,326,57,376,140,/content/dataset/Licplatesdetection_train/license_plates_detection_train/233.jpg
234.jpg,241,185,277,364,/content/dataset/Licplatesdetection_train/license_plates_detection_train/234.jpg
235.jpg,385,148,416,265,/content/dataset/Licplatesdetection_train/license_plates_detection_train/235.jpg
236.jpg,382,493,435,595,/content/dataset/Licplatesdetection_train/license_plates_detection_train/236.jpg
237.jpg,338,106,360,228,/content/dataset/Licplatesdetection_train/license_plates_detection_train/237.jpg
238.jpg,259,359,281,480,/content/dataset/Licplatesdetection_train/license_plates_detection_train/238.jpg
239.jpg,156,305,175,391,/content/dataset/Licplatesdetection_train/license_plates_detection_train/239.jpg
24.jpg,434,258,491,507,/content/dataset/Licplatesdetection_train/license_plates_detection_train/24.jpg
240.jpg,284,106,341,212,/content/dataset/Licplatesdetection_train/license_plates_detection_train/240.jpg
241.jpg,306,43,370,128,/content/dataset/Licplatesdetection_train/license_plates_detection_train/241.jpg
242.jpg,329,273,357,405,/content/dataset/Licplatesdetection_train/license_plates_detection_train/242.jpg
243.jpg,337,234,399,476,/content/dataset/Licplatesdetection_train/license_plates_detection_train/243.jpg
244.jpg,234,390,276,551,/content/dataset/Licplatesdetection_train/license_plates_detection_train/244.jpg
245.jpg,366,265,418,389,/content/dataset/Licplatesdetection_train/license_plates_detection_train/245.jpg
246.jpg,323,161,346,246,/content/dataset/Licplatesdetection_train/license_plates_detection_train/246.jpg
247.jpg,356,327,403,382,/content/dataset/Licplatesdetection_train/license_plates_detection_train/247.jpg
248.jpg,346,185,383,340,/content/dataset/Licplatesdetection_train/license_plates_detection_train/248.jpg
249.jpg,254,92,290,190,/content/dataset/Licplatesdetection_train/license_plates_detection_train/249.jpg
25.jpg,290,72,319,191,/content/dataset/Licplatesdetection_train/license_plates_detection_train/25.jpg
250.jpg,324,146,354,269,/content/dataset/Licplatesdetection_train/license_plates_detection_train/250.jpg
251.jpg,249,379,315,537,/content/dataset/Licplatesdetection_train/license_plates_detection_train/251.jpg
252.jpg,308,105,333,200,/content/dataset/Licplatesdetection_train/license_plates_detection_train/252.jpg
253.jpg,343,323,377,456,/content/dataset/Licplatesdetection_train/license_plates_detection_train/253.jpg
254.jpg,282,34,309,108,/content/dataset/Licplatesdetection_train/license_plates_detection_train/254.jpg
255.jpg,333,99,363,230,/content/dataset/Licplatesdetection_train/license_plates_detection_train/255.jpg
256.jpg,360,131,390,249,/content/dataset/Licplatesdetection_train/license_plates_detection_train/256.jpg
257.jpg,287,82,317,191,/content/dataset/Licplatesdetection_train/license_plates_detection_train/257.jpg
258.jpg,360,93,398,276,/content/dataset/Licplatesdetection_train/license_plates_detection_train/258.jpg
259.jpg,191,526,363,565,/content/dataset/Licplatesdetection_train/license_plates_detection_train/259.jpg
26.jpg,342,325,379,493,/content/dataset/Licplatesdetection_train/license_plates_detection_train/26.jpg
260.jpg,367,268,421,388,/content/dataset/Licplatesdetection_train/license_plates_detection_train/260.jpg
261.jpg,440,284,492,529,/content/dataset/Licplatesdetection_train/license_plates_detection_train/261.jpg
262.jpg,240,430,284,543,/content/dataset/Licplatesdetection_train/license_plates_detection_train/262.jpg
263.jpg,139,530,310,569,/content/dataset/Licplatesdetection_train/license_plates_detection_train/263.jpg
264.jpg,252,350,295,524,/content/dataset/Licplatesdetection_train/license_plates_detection_train/264.jpg
265.jpg,433,38,489,218,/content/dataset/Licplatesdetection_train/license_plates_detection_train/265.jpg
266.jpg,232,109,274,195,/content/dataset/Licplatesdetection_train/license_plates_detection_train/266.jpg
267.jpg,237,557,290,692,/content/dataset/Licplatesdetection_train/license_plates_detection_train/267.jpg
268.jpg,413,130,450,267,/content/dataset/Licplatesdetection_train/license_plates_detection_train/268.jpg
269.jpg,386,96,417,206,/content/dataset/Licplatesdetection_train/license_plates_detection_train/269.jpg
27.jpg,182,592,215,665,/content/dataset/Licplatesdetection_train/license_plates_detection_train/27.jpg
270.jpg,294,109,320,217,/content/dataset/Licplatesdetection_train/license_plates_detection_train/270.jpg
271.jpg,265,447,419,487,/content/dataset/Licplatesdetection_train/license_plates_detection_train/271.jpg
272.jpg,256,220,290,327,/content/dataset/Licplatesdetection_train/license_plates_detection_train/272.jpg
273.jpg,259,146,280,232,/content/dataset/Licplatesdetection_train/license_plates_detection_train/273.jpg
274.jpg,319,516,402,646,/content/dataset/Licplatesdetection_train/license_plates_detection_train/274.jpg
275.jpg,231,107,275,196,/content/dataset/Licplatesdetection_train/license_plates_detection_train/275.jpg
276.jpg,352,280,416,450,/content/dataset/Licplatesdetection_train/license_plates_detection_train/276.jpg
277.jpg,278,150,346,290,/content/dataset/Licplatesdetection_train/license_plates_detection_train/277.jpg
278.jpg,248,55,272,149,/content/dataset/Licplatesdetection_train/license_plates_detection_train/278.jpg
279.jpg,336,309,378,485,/content/dataset/Licplatesdetection_train/license_plates_detection_train/279.jpg
28.jpg,300,319,330,455,/content/dataset/Licplatesdetection_train/license_plates_detection_train/28.jpg
280.jpg,336,127,364,213,/content/dataset/Licplatesdetection_train/license_plates_detection_train/280.jpg
281.jpg,291,397,333,557,/content/dataset/Licplatesdetection_train/license_plates_detection_train/281.jpg
282.jpg,315,308,350,416,/content/dataset/Licplatesdetection_train/license_plates_detection_train/282.jpg
283.jpg,67,586,262,653,/content/dataset/Licplatesdetection_train/license_plates_detection_train/283.jpg
284.jpg,471,82,510,302,/content/dataset/Licplatesdetection_train/license_plates_detection_train/284.jpg
285.jpg,287,236,320,350,/content/dataset/Licplatesdetection_train/license_plates_detection_train/285.jpg
286.jpg,313,307,350,389,/content/dataset/Licplatesdetection_train/license_plates_detection_train/286.jpg
287.jpg,372,108,412,262,/content/dataset/Licplatesdetection_train/license_plates_detection_train/287.jpg
288.jpg,244,306,273,417,/content/dataset/Licplatesdetection_train/license_plates_detection_train/288.jpg
289.jpg,457,278,508,495,/content/dataset/Licplatesdetection_train/license_plates_detection_train/289.jpg
29.jpg,198,353,226,478,/content/dataset/Licplatesdetection_train/license_plates_detection_train/29.jpg
290.jpg,195,397,268,494,/content/dataset/Licplatesdetection_train/license_plates_detection_train/290.jpg
291.jpg,366,264,415,387,/content/dataset/Licplatesdetection_train/license_plates_detection_train/291.jpg
292.jpg,171,309,198,389,/content/dataset/Licplatesdetection_train/license_plates_detection_train/292.jpg
293.jpg,360,190,447,403,/content/dataset/Licplatesdetection_train/license_plates_detection_train/293.jpg
294.jpg,360,551,435,677,/content/dataset/Licplatesdetection_train/license_plates_detection_train/294.jpg
295.jpg,306,163,331,267,/content/dataset/Licplatesdetection_train/license_plates_detection_train/295.jpg
296.jpg,295,164,350,284,/content/dataset/Licplatesdetection_train/license_plates_detection_train/296.jpg
297.jpg,258,267,294,418,/content/dataset/Licplatesdetection_train/license_plates_detection_train/297.jpg
298.jpg,346,160,380,301,/content/dataset/Licplatesdetection_train/license_plates_detection_train/298.jpg
299.jpg,339,176,360,262,/content/dataset/Licplatesdetection_train/license_plates_detection_train/299.jpg
3.jpg,525,216,547,397,/content/dataset/Licplatesdetection_train/license_plates_detection_train/3.jpg
30.jpg,237,276,265,404,/content/dataset/Licplatesdetection_train/license_plates_detection_train/30.jpg
300.jpg,311,254,353,333,/content/dataset/Licplatesdetection_train/license_plates_detection_train/300.jpg
301.jpg,402,133,433,281,/content/dataset/Licplatesdetection_train/license_plates_detection_train/301.jpg
302.jpg,409,145,443,278,/content/dataset/Licplatesdetection_train/license_plates_detection_train/302.jpg
303.jpg,288,148,336,324,/content/dataset/Licplatesdetection_train/license_plates_detection_train/303.jpg
304.jpg,336,119,359,210,/content/dataset/Licplatesdetection_train/license_plates_detection_train/304.jpg
305.jpg,307,105,334,197,/content/dataset/Licplatesdetection_train/license_plates_detection_train/305.jpg
306.jpg,293,140,317,241,/content/dataset/Licplatesdetection_train/license_plates_detection_train/306.jpg
307.jpg,330,150,357,270,/content/dataset/Licplatesdetection_train/license_plates_detection_train/307.jpg
308.jpg,160,627,392,690,/content/dataset/Licplatesdetection_train/license_plates_detection_train/308.jpg
309.jpg,376,328,414,489,/content/dataset/Licplatesdetection_train/license_plates_detection_train/309.jpg
31.jpg,337,129,357,240,/content/dataset/Licplatesdetection_train/license_plates_detection_train/31.jpg
310.jpg,224,219,257,305,/content/dataset/Licplatesdetection_train/license_plates_detection_train/310.jpg
311.jpg,347,138,379,220,/content/dataset/Licplatesdetection_train/license_plates_detection_train/311.jpg
312.jpg,290,348,324,469,/content/dataset/Licplatesdetection_train/license_plates_detection_train/312.jpg
313.jpg,367,293,400,433,/content/dataset/Licplatesdetection_train/license_plates_detection_train/313.jpg
314.jpg,395,63,472,171,/content/dataset/Licplatesdetection_train/license_plates_detection_train/314.jpg
315.jpg,309,332,351,507,/content/dataset/Licplatesdetection_train/license_plates_detection_train/315.jpg
316.jpg,290,123,312,217,/content/dataset/Licplatesdetection_train/license_plates_detection_train/316.jpg
317.jpg,373,89,443,263,/content/dataset/Licplatesdetection_train/license_plates_detection_train/317.jpg
318.jpg,341,311,385,509,/content/dataset/Licplatesdetection_train/license_plates_detection_train/318.jpg
319.jpg,356,71,387,196,/content/dataset/Licplatesdetection_train/license_plates_detection_train/319.jpg
32.jpg,324,292,437,409,/content/dataset/Licplatesdetection_train/license_plates_detection_train/32.jpg
320.jpg,111,576,307,640,/content/dataset/Licplatesdetection_train/license_plates_detection_train/320.jpg
321.jpg,295,332,330,473,/content/dataset/Licplatesdetection_train/license_plates_detection_train/321.jpg
322.jpg,415,196,461,333,/content/dataset/Licplatesdetection_train/license_plates_detection_train/322.jpg
323.jpg,299,57,374,169,/content/dataset/Licplatesdetection_train/license_plates_detection_train/323.jpg
324.jpg,256,343,325,593,/content/dataset/Licplatesdetection_train/license_plates_detection_train/324.jpg
325.jpg,443,357,477,503,/content/dataset/Licplatesdetection_train/license_plates_detection_train/325.jpg
326.jpg,292,173,338,264,/content/dataset/Licplatesdetection_train/license_plates_detection_train/326.jpg
327.jpg,391,329,431,498,/content/dataset/Licplatesdetection_train/license_plates_detection_train/327.jpg
328.jpg,307,628,394,821,/content/dataset/Licplatesdetection_train/license_plates_detection_train/328.jpg
329.jpg,295,107,323,217,/content/dataset/Licplatesdetection_train/license_plates_detection_train/329.jpg
33.jpg,407,305,443,492,/content/dataset/Licplatesdetection_train/license_plates_detection_train/33.jpg
330.jpg,410,300,462,541,/content/dataset/Licplatesdetection_train/license_plates_detection_train/330.jpg
331.jpg,342,161,370,270,/content/dataset/Licplatesdetection_train/license_plates_detection_train/331.jpg
332.jpg,325,318,357,445,/content/dataset/Licplatesdetection_train/license_plates_detection_train/332.jpg
333.jpg,395,283,435,455,/content/dataset/Licplatesdetection_train/license_plates_detection_train/333.jpg
334.jpg,367,161,403,303,/content/dataset/Licplatesdetection_train/license_plates_detection_train/334.jpg
335.jpg,269,164,301,292,/content/dataset/Licplatesdetection_train/license_plates_detection_train/335.jpg
336.jpg,387,307,421,464,/content/dataset/Licplatesdetection_train/license_plates_detection_train/336.jpg
337.jpg,385,370,422,521,/content/dataset/Licplatesdetection_train/license_plates_detection_train/337.jpg
338.jpg,376,256,415,433,/content/dataset/Licplatesdetection_train/license_plates_detection_train/338.jpg
339.jpg,179,270,318,303,/content/dataset/Licplatesdetection_train/license_plates_detection_train/339.jpg
34.jpg,246,287,276,348,/content/dataset/Licplatesdetection_train/license_plates_detection_train/34.jpg
340.jpg,336,323,388,518,/content/dataset/Licplatesdetection_train/license_plates_detection_train/340.jpg
341.jpg,222,89,244,182,/content/dataset/Licplatesdetection_train/license_plates_detection_train/341.jpg
342.jpg,14,410,121,480,/content/dataset/Licplatesdetection_train/license_plates_detection_train/342.jpg
343.jpg,361,99,388,200,/content/dataset/Licplatesdetection_train/license_plates_detection_train/343.jpg
344.jpg,363,282,418,393,/content/dataset/Licplatesdetection_train/license_plates_detection_train/344.jpg
345.jpg,341,247,403,396,/content/dataset/Licplatesdetection_train/license_plates_detection_train/345.jpg
346.jpg,140,628,390,659,/content/dataset/Licplatesdetection_train/license_plates_detection_train/346.jpg
347.jpg,333,245,371,395,/content/dataset/Licplatesdetection_train/license_plates_detection_train/347.jpg
348.jpg,274,172,293,254,/content/dataset/Licplatesdetection_train/license_plates_detection_train/348.jpg
349.jpg,255,662,324,743,/content/dataset/Licplatesdetection_train/license_plates_detection_train/349.jpg
35.jpg,397,219,461,394,/content/dataset/Licplatesdetection_train/license_plates_detection_train/35.jpg
350.jpg,310,148,337,259,/content/dataset/Licplatesdetection_train/license_plates_detection_train/350.jpg
351.jpg,349,427,397,558,/content/dataset/Licplatesdetection_train/license_plates_detection_train/351.jpg
352.jpg,364,420,438,549,/content/dataset/Licplatesdetection_train/license_plates_detection_train/352.jpg
353.jpg,382,451,443,566,/content/dataset/Licplatesdetection_train/license_plates_detection_train/353.jpg
354.jpg,310,240,359,386,/content/dataset/Licplatesdetection_train/license_plates_detection_train/354.jpg
355.jpg,374,353,407,479,/content/dataset/Licplatesdetection_train/license_plates_detection_train/355.jpg
356.jpg,388,353,434,565,/content/dataset/Licplatesdetection_train/license_plates_detection_train/356.jpg
357.jpg,427,110,459,305,/content/dataset/Licplatesdetection_train/license_plates_detection_train/357.jpg
358.jpg,276,33,300,152,/content/dataset/Licplatesdetection_train/license_plates_detection_train/358.jpg
359.jpg,158,29,179,110,/content/dataset/Licplatesdetection_train/license_plates_detection_train/359.jpg
36.jpg,382,363,422,530,/content/dataset/Licplatesdetection_train/license_plates_detection_train/36.jpg
360.jpg,334,123,361,262,/content/dataset/Licplatesdetection_train/license_plates_detection_train/360.jpg
361.jpg,278,305,314,403,/content/dataset/Licplatesdetection_train/license_plates_detection_train/361.jpg
362.jpg,269,348,315,526,/content/dataset/Licplatesdetection_train/license_plates_detection_train/362.jpg
363.jpg,353,150,383,286,/content/dataset/Licplatesdetection_train/license_plates_detection_train/363.jpg
364.jpg,328,117,351,214,/content/dataset/Licplatesdetection_train/license_plates_detection_train/364.jpg
365.jpg,344,342,376,491,/content/dataset/Licplatesdetection_train/license_plates_detection_train/365.jpg
366.jpg,321,83,402,175,/content/dataset/Licplatesdetection_train/license_plates_detection_train/366.jpg
367.jpg,315,171,339,295,/content/dataset/Licplatesdetection_train/license_plates_detection_train/367.jpg
368.jpg,355,234,398,463,/content/dataset/Licplatesdetection_train/license_plates_detection_train/368.jpg
369.jpg,319,249,354,389,/content/dataset/Licplatesdetection_train/license_plates_detection_train/369.jpg
37.jpg,355,140,380,243,/content/dataset/Licplatesdetection_train/license_plates_detection_train/37.jpg
370.jpg,179,142,196,218,/content/dataset/Licplatesdetection_train/license_plates_detection_train/370.jpg
371.jpg,74,352,189,384,/content/dataset/Licplatesdetection_train/license_plates_detection_train/371.jpg
372.jpg,339,179,369,308,/content/dataset/Licplatesdetection_train/license_plates_detection_train/372.jpg
373.jpg,267,67,290,162,/content/dataset/Licplatesdetection_train/license_plates_detection_train/373.jpg
374.jpg,227,96,260,202,/content/dataset/Licplatesdetection_train/license_plates_detection_train/374.jpg
375.jpg,245,446,321,523,/content/dataset/Licplatesdetection_train/license_plates_detection_train/375.jpg
376.jpg,310,11,349,160,/content/dataset/Licplatesdetection_train/license_plates_detection_train/376.jpg
377.jpg,147,34,187,261,/content/dataset/Licplatesdetection_train/license_plates_detection_train/377.jpg
378.jpg,349,229,391,388,/content/dataset/Licplatesdetection_train/license_plates_detection_train/378.jpg
379.jpg,250,452,380,484,/content/dataset/Licplatesdetection_train/license_plates_detection_train/379.jpg
38.jpg,436,322,472,518,/content/dataset/Licplatesdetection_train/license_plates_detection_train/38.jpg
380.jpg,265,614,327,706,/content/dataset/Licplatesdetection_train/license_plates_detection_train/380.jpg
381.jpg,441,245,496,477,/content/dataset/Licplatesdetection_train/license_plates_detection_train/381.jpg
382.jpg,409,461,509,667,/content/dataset/Licplatesdetection_train/license_plates_detection_train/382.jpg
383.jpg,381,162,443,289,/content/dataset/Licplatesdetection_train/license_plates_detection_train/383.jpg
384.jpg,345,192,393,308,/content/dataset/Licplatesdetection_train/license_plates_detection_train/384.jpg
385.jpg,189,551,381,604,/content/dataset/Licplatesdetection_train/license_plates_detection_train/385.jpg
386.jpg,298,149,329,267,/content/dataset/Licplatesdetection_train/license_plates_detection_train/386.jpg
387.jpg,307,264,354,464,/content/dataset/Licplatesdetection_train/license_plates_detection_train/387.jpg
388.jpg,308,90,334,191,/content/dataset/Licplatesdetection_train/license_plates_detection_train/388.jpg
389.jpg,370,522,458,642,/content/dataset/Licplatesdetection_train/license_plates_detection_train/389.jpg
39.jpg,365,99,382,211,/content/dataset/Licplatesdetection_train/license_plates_detection_train/39.jpg
390.jpg,262,246,290,313,/content/dataset/Licplatesdetection_train/license_plates_detection_train/390.jpg
391.jpg,256,198,311,280,/content/dataset/Licplatesdetection_train/license_plates_detection_train/391.jpg
392.jpg,266,560,336,667,/content/dataset/Licplatesdetection_train/license_plates_detection_train/392.jpg
393.jpg,179,179,226,293,/content/dataset/Licplatesdetection_train/license_plates_detection_train/393.jpg
394.jpg,375,235,428,362,/content/dataset/Licplatesdetection_train/license_plates_detection_train/394.jpg
395.jpg,249,154,275,263,/content/dataset/Licplatesdetection_train/license_plates_detection_train/395.jpg
396.jpg,153,73,190,131,/content/dataset/Licplatesdetection_train/license_plates_detection_train/396.jpg
397.jpg,393,134,428,288,/content/dataset/Licplatesdetection_train/license_plates_detection_train/397.jpg
398.jpg,324,115,365,253,/content/dataset/Licplatesdetection_train/license_plates_detection_train/398.jpg
399.jpg,363,311,419,562,/content/dataset/Licplatesdetection_train/license_plates_detection_train/399.jpg
4.jpg,190,131,210,216,/content/dataset/Licplatesdetection_train/license_plates_detection_train/4.jpg
40.jpg,288,163,302,240,/content/dataset/Licplatesdetection_train/license_plates_detection_train/40.jpg
400.jpg,331,191,364,281,/content/dataset/Licplatesdetection_train/license_plates_detection_train/400.jpg
401.jpg,319,255,357,365,/content/dataset/Licplatesdetection_train/license_plates_detection_train/401.jpg
402.jpg,191,454,327,486,/content/dataset/Licplatesdetection_train/license_plates_detection_train/402.jpg
403.jpg,131,340,268,387,/content/dataset/Licplatesdetection_train/license_plates_detection_train/403.jpg
404.jpg,177,126,212,242,/content/dataset/Licplatesdetection_train/license_plates_detection_train/404.jpg
405.jpg,379,156,424,249,/content/dataset/Licplatesdetection_train/license_plates_detection_train/405.jpg
406.jpg,377,135,410,267,/content/dataset/Licplatesdetection_train/license_plates_detection_train/406.jpg
407.jpg,233,134,272,224,/content/dataset/Licplatesdetection_train/license_plates_detection_train/407.jpg
408.jpg,397,306,433,460,/content/dataset/Licplatesdetection_train/license_plates_detection_train/408.jpg
409.jpg,248,380,313,536,/content/dataset/Licplatesdetection_train/license_plates_detection_train/409.jpg
41.jpg,387,383,487,420,/content/dataset/Licplatesdetection_train/license_plates_detection_train/41.jpg
410.jpg,89,236,231,302,/content/dataset/Licplatesdetection_train/license_plates_detection_train/410.jpg
411.jpg,197,354,224,479,/content/dataset/Licplatesdetection_train/license_plates_detection_train/411.jpg
412.jpg,183,608,386,645,/content/dataset/Licplatesdetection_train/license_plates_detection_train/412.jpg
413.jpg,346,301,387,448,/content/dataset/Licplatesdetection_train/license_plates_detection_train/413.jpg
414.jpg,286,133,359,251,/content/dataset/Licplatesdetection_train/license_plates_detection_train/414.jpg
415.jpg,323,127,357,259,/content/dataset/Licplatesdetection_train/license_plates_detection_train/415.jpg
416.jpg,162,149,196,287,/content/dataset/Licplatesdetection_train/license_plates_detection_train/416.jpg
417.jpg,336,284,399,517,/content/dataset/Licplatesdetection_train/license_plates_detection_train/417.jpg
418.jpg,219,174,239,251,/content/dataset/Licplatesdetection_train/license_plates_detection_train/418.jpg
419.jpg,366,212,403,333,/content/dataset/Licplatesdetection_train/license_plates_detection_train/419.jpg
42.jpg,118,577,203,609,/content/dataset/Licplatesdetection_train/license_plates_detection_train/42.jpg
420.jpg,374,240,412,406,/content/dataset/Licplatesdetection_train/license_plates_detection_train/420.jpg
421.jpg,323,89,402,213,/content/dataset/Licplatesdetection_train/license_plates_detection_train/421.jpg
422.jpg,420,129,451,277,/content/dataset/Licplatesdetection_train/license_plates_detection_train/422.jpg
423.jpg,376,124,408,270,/content/dataset/Licplatesdetection_train/license_plates_detection_train/423.jpg
424.jpg,412,200,461,389,/content/dataset/Licplatesdetection_train/license_plates_detection_train/424.jpg
425.jpg,299,348,332,498,/content/dataset/Licplatesdetection_train/license_plates_detection_train/425.jpg
426.jpg,256,557,313,647,/content/dataset/Licplatesdetection_train/license_plates_detection_train/426.jpg
427.jpg,219,144,275,208,/content/dataset/Licplatesdetection_train/license_plates_detection_train/427.jpg
428.jpg,152,399,320,437,/content/dataset/Licplatesdetection_train/license_plates_detection_train/428.jpg
429.jpg,360,238,410,434,/content/dataset/Licplatesdetection_train/license_plates_detection_train/429.jpg
43.jpg,282,251,319,336,/content/dataset/Licplatesdetection_train/license_plates_detection_train/43.jpg
430.jpg,111,54,171,138,/content/dataset/Licplatesdetection_train/license_plates_detection_train/430.jpg
431.jpg,295,373,324,478,/content/dataset/Licplatesdetection_train/license_plates_detection_train/431.jpg
432.jpg,322,470,378,562,/content/dataset/Licplatesdetection_train/license_plates_detection_train/432.jpg
433.jpg,415,208,468,410,/content/dataset/Licplatesdetection_train/license_plates_detection_train/433.jpg
434.jpg,302,192,332,331,/content/dataset/Licplatesdetection_train/license_plates_detection_train/434.jpg
435.jpg,317,150,355,246,/content/dataset/Licplatesdetection_train/license_plates_detection_train/435.jpg
436.jpg,226,423,266,530,/content/dataset/Licplatesdetection_train/license_plates_detection_train/436.jpg
437.jpg,343,118,382,278,/content/dataset/Licplatesdetection_train/license_plates_detection_train/437.jpg
438.jpg,341,398,391,601,/content/dataset/Licplatesdetection_train/license_plates_detection_train/438.jpg
439.jpg,396,261,437,439,/content/dataset/Licplatesdetection_train/license_plates_detection_train/439.jpg
44.jpg,380,287,423,458,/content/dataset/Licplatesdetection_train/license_plates_detection_train/44.jpg
440.jpg,176,35,216,91,/content/dataset/Licplatesdetection_train/license_plates_detection_train/440.jpg
441.jpg,319,272,390,426,/content/dataset/Licplatesdetection_train/license_plates_detection_train/441.jpg
442.jpg,279,134,308,263,/content/dataset/Licplatesdetection_train/license_plates_detection_train/442.jpg
443.jpg,289,284,336,468,/content/dataset/Licplatesdetection_train/license_plates_detection_train/443.jpg
444.jpg,223,183,261,278,/content/dataset/Licplatesdetection_train/license_plates_detection_train/444.jpg
445.jpg,318,93,347,231,/content/dataset/Licplatesdetection_train/license_plates_detection_train/445.jpg
446.jpg,417,157,446,263,/content/dataset/Licplatesdetection_train/license_plates_detection_train/446.jpg
447.jpg,252,196,274,262,/content/dataset/Licplatesdetection_train/license_plates_detection_train/447.jpg
448.jpg,298,113,344,292,/content/dataset/Licplatesdetection_train/license_plates_detection_train/448.jpg
449.jpg,244,216,302,551,/content/dataset/Licplatesdetection_train/license_plates_detection_train/449.jpg
45.jpg,258,150,306,226,/content/dataset/Licplatesdetection_train/license_plates_detection_train/45.jpg
450.jpg,397,218,435,344,/content/dataset/Licplatesdetection_train/license_plates_detection_train/450.jpg
451.jpg,377,199,439,346,/content/dataset/Licplatesdetection_train/license_plates_detection_train/451.jpg
452.jpg,337,177,357,274,/content/dataset/Licplatesdetection_train/license_plates_detection_train/452.jpg
453.jpg,324,132,351,255,/content/dataset/Licplatesdetection_train/license_plates_detection_train/453.jpg
454.jpg,345,696,472,823,/content/dataset/Licplatesdetection_train/license_plates_detection_train/454.jpg
455.jpg,370,263,417,454,/content/dataset/Licplatesdetection_train/license_plates_detection_train/455.jpg
456.jpg,364,225,412,409,/content/dataset/Licplatesdetection_train/license_plates_detection_train/456.jpg
457.jpg,388,278,422,458,/content/dataset/Licplatesdetection_train/license_plates_detection_train/457.jpg
458.jpg,360,275,412,456,/content/dataset/Licplatesdetection_train/license_plates_detection_train/458.jpg
459.jpg,404,290,451,452,/content/dataset/Licplatesdetection_train/license_plates_detection_train/459.jpg
46.jpg,374,141,412,277,/content/dataset/Licplatesdetection_train/license_plates_detection_train/46.jpg
460.jpg,311,217,350,334,/content/dataset/Licplatesdetection_train/license_plates_detection_train/460.jpg
461.jpg,315,141,353,255,/content/dataset/Licplatesdetection_train/license_plates_detection_train/461.jpg
462.jpg,191,475,356,507,/content/dataset/Licplatesdetection_train/license_plates_detection_train/462.jpg
463.jpg,228,191,267,281,/content/dataset/Licplatesdetection_train/license_plates_detection_train/463.jpg
464.jpg,321,374,357,518,/content/dataset/Licplatesdetection_train/license_plates_detection_train/464.jpg
465.jpg,380,240,410,367,/content/dataset/Licplatesdetection_train/license_plates_detection_train/465.jpg
466.jpg,396,218,431,376,/content/dataset/Licplatesdetection_train/license_plates_detection_train/466.jpg
467.jpg,357,137,383,254,/content/dataset/Licplatesdetection_train/license_plates_detection_train/467.jpg
468.jpg,379,192,420,294,/content/dataset/Licplatesdetection_train/license_plates_detection_train/468.jpg
469.jpg,143,458,329,498,/content/dataset/Licplatesdetection_train/license_plates_detection_train/469.jpg
47.jpg,299,83,324,176,/content/dataset/Licplatesdetection_train/license_plates_detection_train/47.jpg
470.jpg,230,542,365,584,/content/dataset/Licplatesdetection_train/license_plates_detection_train/470.jpg
471.jpg,310,228,362,341,/content/dataset/Licplatesdetection_train/license_plates_detection_train/471.jpg
472.jpg,247,570,309,676,/content/dataset/Licplatesdetection_train/license_plates_detection_train/472.jpg
473.jpg,292,403,316,478,/content/dataset/Licplatesdetection_train/license_plates_detection_train/473.jpg
474.jpg,313,36,347,208,/content/dataset/Licplatesdetection_train/license_plates_detection_train/474.jpg
475.jpg,286,19,377,140,/content/dataset/Licplatesdetection_train/license_plates_detection_train/475.jpg
476.jpg,418,62,454,178,/content/dataset/Licplatesdetection_train/license_plates_detection_train/476.jpg
477.jpg,310,217,345,337,/content/dataset/Licplatesdetection_train/license_plates_detection_train/477.jpg
478.jpg,347,358,395,472,/content/dataset/Licplatesdetection_train/license_plates_detection_train/478.jpg
479.jpg,196,219,214,308,/content/dataset/Licplatesdetection_train/license_plates_detection_train/479.jpg
48.jpg,320,234,393,559,/content/dataset/Licplatesdetection_train/license_plates_detection_train/48.jpg
480.jpg,347,141,372,275,/content/dataset/Licplatesdetection_train/license_plates_detection_train/480.jpg
481.jpg,317,203,363,427,/content/dataset/Licplatesdetection_train/license_plates_detection_train/481.jpg
482.jpg,267,150,288,242,/content/dataset/Licplatesdetection_train/license_plates_detection_train/482.jpg
483.jpg,269,437,321,544,/content/dataset/Licplatesdetection_train/license_plates_detection_train/483.jpg
484.jpg,502,300,547,463,/content/dataset/Licplatesdetection_train/license_plates_detection_train/484.jpg
485.jpg,314,214,347,301,/content/dataset/Licplatesdetection_train/license_plates_detection_train/485.jpg
486.jpg,226,107,257,223,/content/dataset/Licplatesdetection_train/license_plates_detection_train/486.jpg
487.jpg,345,298,387,460,/content/dataset/Licplatesdetection_train/license_plates_detection_train/487.jpg
488.jpg,243,349,293,524,/content/dataset/Licplatesdetection_train/license_plates_detection_train/488.jpg
489.jpg,352,128,377,277,/content/dataset/Licplatesdetection_train/license_plates_detection_train/489.jpg
49.jpg,151,255,257,327,/content/dataset/Licplatesdetection_train/license_plates_detection_train/49.jpg
490.jpg,243,66,277,174,/content/dataset/Licplatesdetection_train/license_plates_detection_train/490.jpg
491.jpg,404,160,436,286,/content/dataset/Licplatesdetection_train/license_plates_detection_train/491.jpg
492.jpg,355,134,378,233,/content/dataset/Licplatesdetection_train/license_plates_detection_train/492.jpg
493.jpg,276,176,314,289,/content/dataset/Licplatesdetection_train/license_plates_detection_train/493.jpg
494.jpg,250,364,284,502,/content/dataset/Licplatesdetection_train/license_plates_detection_train/494.jpg
495.jpg,294,111,322,227,/content/dataset/Licplatesdetection_train/license_plates_detection_train/495.jpg
496.jpg,254,141,280,284,/content/dataset/Licplatesdetection_train/license_plates_detection_train/496.jpg
497.jpg,300,134,323,237,/content/dataset/Licplatesdetection_train/license_plates_detection_train/497.jpg
498.jpg,305,132,337,234,/content/dataset/Licplatesdetection_train/license_plates_detection_train/498.jpg
499.jpg,312,140,342,250,/content/dataset/Licplatesdetection_train/license_plates_detection_train/499.jpg
5.jpg,359,48,406,148,/content/dataset/Licplatesdetection_train/license_plates_detection_train/5.jpg
50.jpg,405,164,451,291,/content/dataset/Licplatesdetection_train/license_plates_detection_train/50.jpg
500.jpg,275,143,306,273,/content/dataset/Licplatesdetection_train/license_plates_detection_train/500.jpg
501.jpg,239,543,342,664,/content/dataset/Licplatesdetection_train/license_plates_detection_train/501.jpg
502.jpg,371,249,409,410,/content/dataset/Licplatesdetection_train/license_plates_detection_train/502.jpg
503.jpg,333,217,369,317,/content/dataset/Licplatesdetection_train/license_plates_detection_train/503.jpg
504.jpg,339,159,368,274,/content/dataset/Licplatesdetection_train/license_plates_detection_train/504.jpg
505.jpg,420,288,450,407,/content/dataset/Licplatesdetection_train/license_plates_detection_train/505.jpg
506.jpg,234,203,304,508,/content/dataset/Licplatesdetection_train/license_plates_detection_train/506.jpg
507.jpg,301,131,336,274,/content/dataset/Licplatesdetection_train/license_plates_detection_train/507.jpg
508.jpg,264,50,314,219,/content/dataset/Licplatesdetection_train/license_plates_detection_train/508.jpg
509.jpg,323,103,358,263,/content/dataset/Licplatesdetection_train/license_plates_detection_train/509.jpg
51.jpg,339,425,362,505,/content/dataset/Licplatesdetection_train/license_plates_detection_train/51.jpg
510.jpg,229,429,282,588,/content/dataset/Licplatesdetection_train/license_plates_detection_train/510.jpg
511.jpg,379,257,429,446,/content/dataset/Licplatesdetection_train/license_plates_detection_train/511.jpg
512.jpg,308,109,331,211,/content/dataset/Licplatesdetection_train/license_plates_detection_train/512.jpg
513.jpg,306,130,331,233,/content/dataset/Licplatesdetection_train/license_plates_detection_train/513.jpg
514.jpg,396,244,446,404,/content/dataset/Licplatesdetection_train/license_plates_detection_train/514.jpg
515.jpg,387,122,418,282,/content/dataset/Licplatesdetection_train/license_plates_detection_train/515.jpg
516.jpg,337,258,367,336,/content/dataset/Licplatesdetection_train/license_plates_detection_train/516.jpg
517.jpg,400,142,433,220,/content/dataset/Licplatesdetection_train/license_plates_detection_train/517.jpg
518.jpg,432,84,466,269,/content/dataset/Licplatesdetection_train/license_plates_detection_train/518.jpg
519.jpg,307,343,350,496,/content/dataset/Licplatesdetection_train/license_plates_detection_train/519.jpg
52.jpg,170,161,198,279,/content/dataset/Licplatesdetection_train/license_plates_detection_train/52.jpg
520.jpg,427,277,484,517,/content/dataset/Licplatesdetection_train/license_plates_detection_train/520.jpg
521.jpg,337,180,363,311,/content/dataset/Licplatesdetection_train/license_plates_detection_train/521.jpg
522.jpg,410,254,456,439,/content/dataset/Licplatesdetection_train/license_plates_detection_train/522.jpg
523.jpg,309,378,342,493,/content/dataset/Licplatesdetection_train/license_plates_detection_train/523.jpg
524.jpg,310,146,356,338,/content/dataset/Licplatesdetection_train/license_plates_detection_train/524.jpg
525.jpg,280,97,354,206,/content/dataset/Licplatesdetection_train/license_plates_detection_train/525.jpg
526.jpg,370,687,471,811,/content/dataset/Licplatesdetection_train/license_plates_detection_train/526.jpg
527.jpg,356,193,386,333,/content/dataset/Licplatesdetection_train/license_plates_detection_train/527.jpg
528.jpg,226,59,255,150,/content/dataset/Licplatesdetection_train/license_plates_detection_train/528.jpg
529.jpg,349,393,381,522,/content/dataset/Licplatesdetection_train/license_plates_detection_train/529.jpg
53.jpg,418,327,457,557,/content/dataset/Licplatesdetection_train/license_plates_detection_train/53.jpg
530.jpg,115,110,163,253,/content/dataset/Licplatesdetection_train/license_plates_detection_train/530.jpg
531.jpg,193,136,216,231,/content/dataset/Licplatesdetection_train/license_plates_detection_train/531.jpg
532.jpg,355,174,385,260,/content/dataset/Licplatesdetection_train/license_plates_detection_train/532.jpg
533.jpg,239,102,282,165,/content/dataset/Licplatesdetection_train/license_plates_detection_train/533.jpg
534.jpg,174,102,194,189,/content/dataset/Licplatesdetection_train/license_plates_detection_train/534.jpg
535.jpg,281,105,306,221,/content/dataset/Licplatesdetection_train/license_plates_detection_train/535.jpg
536.jpg,176,142,200,211,/content/dataset/Licplatesdetection_train/license_plates_detection_train/536.jpg
537.jpg,364,369,407,562,/content/dataset/Licplatesdetection_train/license_plates_detection_train/537.jpg
538.jpg,354,535,412,633,/content/dataset/Licplatesdetection_train/license_plates_detection_train/538.jpg
539.jpg,183,111,210,259,/content/dataset/Licplatesdetection_train/license_plates_detection_train/539.jpg
54.jpg,167,698,267,759,/content/dataset/Licplatesdetection_train/license_plates_detection_train/54.jpg
540.jpg,353,254,390,425,/content/dataset/Licplatesdetection_train/license_plates_detection_train/540.jpg
541.jpg,409,290,444,459,/content/dataset/Licplatesdetection_train/license_plates_detection_train/541.jpg
542.jpg,410,252,453,472,/content/dataset/Licplatesdetection_train/license_plates_detection_train/542.jpg
543.jpg,400,168,449,285,/content/dataset/Licplatesdetection_train/license_plates_detection_train/543.jpg
544.jpg,186,570,228,668,/content/dataset/Licplatesdetection_train/license_plates_detection_train/544.jpg
545.jpg,298,372,341,529,/content/dataset/Licplatesdetection_train/license_plates_detection_train/545.jpg
546.jpg,243,125,277,277,/content/dataset/Licplatesdetection_train/license_plates_detection_train/546.jpg
547.jpg,243,140,262,234,/content/dataset/Licplatesdetection_train/license_plates_detection_train/547.jpg
548.jpg,371,173,393,284,/content/dataset/Licplatesdetection_train/license_plates_detection_train/548.jpg
549.jpg,236,87,251,161,/content/dataset/Licplatesdetection_train/license_plates_detection_train/549.jpg
55.jpg,298,319,331,454,/content/dataset/Licplatesdetection_train/license_plates_detection_train/55.jpg
550.jpg,390,152,413,255,/content/dataset/Licplatesdetection_train/license_plates_detection_train/550.jpg
551.jpg,376,378,433,545,/content/dataset/Licplatesdetection_train/license_plates_detection_train/551.jpg
552.jpg,268,354,307,505,/content/dataset/Licplatesdetection_train/license_plates_detection_train/552.jpg
553.jpg,293,129,316,253,/content/dataset/Licplatesdetection_train/license_plates_detection_train/553.jpg
554.jpg,262,212,294,321,/content/dataset/Licplatesdetection_train/license_plates_detection_train/554.jpg
555.jpg,285,158,309,259,/content/dataset/Licplatesdetection_train/license_plates_detection_train/555.jpg
556.jpg,309,236,340,336,/content/dataset/Licplatesdetection_train/license_plates_detection_train/556.jpg
557.jpg,248,91,264,167,/content/dataset/Licplatesdetection_train/license_plates_detection_train/557.jpg
558.jpg,372,122,399,273,/content/dataset/Licplatesdetection_train/license_plates_detection_train/558.jpg
559.jpg,284,124,306,206,/content/dataset/Licplatesdetection_train/license_plates_detection_train/559.jpg
56.jpg,288,388,421,438,/content/dataset/Licplatesdetection_train/license_plates_detection_train/56.jpg
560.jpg,317,218,376,356,/content/dataset/Licplatesdetection_train/license_plates_detection_train/560.jpg
561.jpg,389,53,423,195,/content/dataset/Licplatesdetection_train/license_plates_detection_train/561.jpg
562.jpg,268,58,310,171,/content/dataset/Licplatesdetection_train/license_plates_detection_train/562.jpg
563.jpg,286,63,345,193,/content/dataset/Licplatesdetection_train/license_plates_detection_train/563.jpg
564.jpg,272,128,302,236,/content/dataset/Licplatesdetection_train/license_plates_detection_train/564.jpg
565.jpg,405,439,434,603,/content/dataset/Licplatesdetection_train/license_plates_detection_train/565.jpg
566.jpg,294,103,321,215,/content/dataset/Licplatesdetection_train/license_plates_detection_train/566.jpg
567.jpg,211,256,330,598,/content/dataset/Licplatesdetection_train/license_plates_detection_train/567.jpg
568.jpg,289,339,326,469,/content/dataset/Licplatesdetection_train/license_plates_detection_train/568.jpg
569.jpg,480,279,523,471,/content/dataset/Licplatesdetection_train/license_plates_detection_train/569.jpg
57.jpg,373,287,410,464,/content/dataset/Licplatesdetection_train/license_plates_detection_train/57.jpg
570.jpg,406,90,450,226,/content/dataset/Licplatesdetection_train/license_plates_detection_train/570.jpg
571.jpg,439,120,482,282,/content/dataset/Licplatesdetection_train/license_plates_detection_train/571.jpg
572.jpg,423,386,474,568,/content/dataset/Licplatesdetection_train/license_plates_detection_train/572.jpg
573.jpg,216,169,278,355,/content/dataset/Licplatesdetection_train/license_plates_detection_train/573.jpg
574.jpg,288,135,320,243,/content/dataset/Licplatesdetection_train/license_plates_detection_train/574.jpg
575.jpg,359,212,415,421,/content/dataset/Licplatesdetection_train/license_plates_detection_train/575.jpg
576.jpg,228,227,250,299,/content/dataset/Licplatesdetection_train/license_plates_detection_train/576.jpg
577.jpg,284,368,349,590,/content/dataset/Licplatesdetection_train/license_plates_detection_train/577.jpg
578.jpg,337,76,371,194,/content/dataset/Licplatesdetection_train/license_plates_detection_train/578.jpg
579.jpg,301,130,332,242,/content/dataset/Licplatesdetection_train/license_plates_detection_train/579.jpg
58.jpg,286,97,352,185,/content/dataset/Licplatesdetection_train/license_plates_detection_train/58.jpg
580.jpg,362,97,390,223,/content/dataset/Licplatesdetection_train/license_plates_detection_train/580.jpg
581.jpg,274,92,342,249,/content/dataset/Licplatesdetection_train/license_plates_detection_train/581.jpg
582.jpg,219,55,255,175,/content/dataset/Licplatesdetection_train/license_plates_detection_train/582.jpg
583.jpg,259,341,295,487,/content/dataset/Licplatesdetection_train/license_plates_detection_train/583.jpg
584.jpg,403,111,438,240,/content/dataset/Licplatesdetection_train/license_plates_detection_train/584.jpg
585.jpg,269,381,340,544,/content/dataset/Licplatesdetection_train/license_plates_detection_train/585.jpg
586.jpg,375,555,439,678,/content/dataset/Licplatesdetection_train/license_plates_detection_train/586.jpg
587.jpg,263,383,314,507,/content/dataset/Licplatesdetection_train/license_plates_detection_train/587.jpg
588.jpg,390,115,429,249,/content/dataset/Licplatesdetection_train/license_plates_detection_train/588.jpg
589.jpg,274,102,304,194,/content/dataset/Licplatesdetection_train/license_plates_detection_train/589.jpg
59.jpg,278,623,364,700,/content/dataset/Licplatesdetection_train/license_plates_detection_train/59.jpg
590.jpg,296,125,330,249,/content/dataset/Licplatesdetection_train/license_plates_detection_train/590.jpg
591.jpg,320,167,362,314,/content/dataset/Licplatesdetection_train/license_plates_detection_train/591.jpg
592.jpg,155,436,333,482,/content/dataset/Licplatesdetection_train/license_plates_detection_train/592.jpg
593.jpg,188,450,338,484,/content/dataset/Licplatesdetection_train/license_plates_detection_train/593.jpg
594.jpg,153,589,346,634,/content/dataset/Licplatesdetection_train/license_plates_detection_train/594.jpg
595.jpg,291,97,310,202,/content/dataset/Licplatesdetection_train/license_plates_detection_train/595.jpg
596.jpg,299,123,331,268,/content/dataset/Licplatesdetection_train/license_plates_detection_train/596.jpg
597.jpg,398,140,434,221,/content/dataset/Licplatesdetection_train/license_plates_detection_train/597.jpg
598.jpg,361,95,436,208,/content/dataset/Licplatesdetection_train/license_plates_detection_train/598.jpg
599.jpg,395,300,433,453,/content/dataset/Licplatesdetection_train/license_plates_detection_train/599.jpg
6.jpg,506,273,539,465,/content/dataset/Licplatesdetection_train/license_plates_detection_train/6.jpg
60.jpg,374,8,452,84,/content/dataset/Licplatesdetection_train/license_plates_detection_train/60.jpg
600.jpg,247,126,275,297,/content/dataset/Licplatesdetection_train/license_plates_detection_train/600.jpg
601.jpg,289,283,323,391,/content/dataset/Licplatesdetection_train/license_plates_detection_train/601.jpg
602.jpg,355,237,411,381,/content/dataset/Licplatesdetection_train/license_plates_detection_train/602.jpg
603.jpg,289,112,324,263,/content/dataset/Licplatesdetection_train/license_plates_detection_train/603.jpg
604.jpg,419,365,443,477,/content/dataset/Licplatesdetection_train/license_plates_detection_train/604.jpg
605.jpg,324,105,355,265,/content/dataset/Licplatesdetection_train/license_plates_detection_train/605.jpg
606.jpg,265,608,344,711,/content/dataset/Licplatesdetection_train/license_plates_detection_train/606.jpg
607.jpg,364,281,405,438,/content/dataset/Licplatesdetection_train/license_plates_detection_train/607.jpg
608.jpg,346,239,404,504,/content/dataset/Licplatesdetection_train/license_plates_detection_train/608.jpg
609.jpg,333,313,376,516,/content/dataset/Licplatesdetection_train/license_plates_detection_train/609.jpg
61.jpg,313,621,437,704,/content/dataset/Licplatesdetection_train/license_plates_detection_train/61.jpg
610.jpg,237,154,267,248,/content/dataset/Licplatesdetection_train/license_plates_detection_train/610.jpg
611.jpg,146,34,189,262,/content/dataset/Licplatesdetection_train/license_plates_detection_train/611.jpg
612.jpg,290,319,354,575,/content/dataset/Licplatesdetection_train/license_plates_detection_train/612.jpg
613.jpg,313,324,353,500,/content/dataset/Licplatesdetection_train/license_plates_detection_train/613.jpg
614.jpg,347,189,391,303,/content/dataset/Licplatesdetection_train/license_plates_detection_train/614.jpg
615.jpg,329,60,366,204,/content/dataset/Licplatesdetection_train/license_plates_detection_train/615.jpg
616.jpg,372,210,422,369,/content/dataset/Licplatesdetection_train/license_plates_detection_train/616.jpg
617.jpg,318,100,340,198,/content/dataset/Licplatesdetection_train/license_plates_detection_train/617.jpg
618.jpg,330,99,358,217,/content/dataset/Licplatesdetection_train/license_plates_detection_train/618.jpg
619.jpg,291,177,338,293,/content/dataset/Licplatesdetection_train/license_plates_detection_train/619.jpg
62.jpg,301,188,335,328,/content/dataset/Licplatesdetection_train/license_plates_detection_train/62.jpg
620.jpg,263,242,298,366,/content/dataset/Licplatesdetection_train/license_plates_detection_train/620.jpg
621.jpg,264,56,313,137,/content/dataset/Licplatesdetection_train/license_plates_detection_train/621.jpg
622.jpg,255,357,325,488,/content/dataset/Licplatesdetection_train/license_plates_detection_train/622.jpg
623.jpg,250,107,279,228,/content/dataset/Licplatesdetection_train/license_plates_detection_train/623.jpg
624.jpg,385,190,448,329,/content/dataset/Licplatesdetection_train/license_plates_detection_train/624.jpg
625.jpg,325,309,367,482,/content/dataset/Licplatesdetection_train/license_plates_detection_train/625.jpg
626.jpg,369,136,402,285,/content/dataset/Licplatesdetection_train/license_plates_detection_train/626.jpg
627.jpg,280,89,309,206,/content/dataset/Licplatesdetection_train/license_plates_detection_train/627.jpg
628.jpg,369,316,390,388,/content/dataset/Licplatesdetection_train/license_plates_detection_train/628.jpg
629.jpg,326,282,367,467,/content/dataset/Licplatesdetection_train/license_plates_detection_train/629.jpg
63.jpg,335,137,373,277,/content/dataset/Licplatesdetection_train/license_plates_detection_train/63.jpg
630.jpg,323,100,352,216,/content/dataset/Licplatesdetection_train/license_plates_detection_train/630.jpg
631.jpg,467,179,533,571,/content/dataset/Licplatesdetection_train/license_plates_detection_train/631.jpg
632.jpg,294,68,343,188,/content/dataset/Licplatesdetection_train/license_plates_detection_train/632.jpg
633.jpg,354,275,396,433,/content/dataset/Licplatesdetection_train/license_plates_detection_train/633.jpg
634.jpg,324,641,389,762,/content/dataset/Licplatesdetection_train/license_plates_detection_train/634.jpg
635.jpg,269,232,324,478,/content/dataset/Licplatesdetection_train/license_plates_detection_train/635.jpg
636.jpg,213,410,236,497,/content/dataset/Licplatesdetection_train/license_plates_detection_train/636.jpg
637.jpg,210,88,243,167,/content/dataset/Licplatesdetection_train/license_plates_detection_train/637.jpg
638.jpg,239,219,281,375,/content/dataset/Licplatesdetection_train/license_plates_detection_train/638.jpg
639.jpg,283,327,338,525,/content/dataset/Licplatesdetection_train/license_plates_detection_train/639.jpg
64.jpg,287,320,318,443,/content/dataset/Licplatesdetection_train/license_plates_detection_train/64.jpg
640.jpg,370,279,408,410,/content/dataset/Licplatesdetection_train/license_plates_detection_train/640.jpg
641.jpg,377,249,421,387,/content/dataset/Licplatesdetection_train/license_plates_detection_train/641.jpg
642.jpg,363,265,414,470,/content/dataset/Licplatesdetection_train/license_plates_detection_train/642.jpg
643.jpg,300,325,333,464,/content/dataset/Licplatesdetection_train/license_plates_detection_train/643.jpg
644.jpg,227,226,250,299,/content/dataset/Licplatesdetection_train/license_plates_detection_train/644.jpg
645.jpg,249,460,277,560,/content/dataset/Licplatesdetection_train/license_plates_detection_train/645.jpg
646.jpg,365,140,407,291,/content/dataset/Licplatesdetection_train/license_plates_detection_train/646.jpg
647.jpg,364,147,401,294,/content/dataset/Licplatesdetection_train/license_plates_detection_train/647.jpg
648.jpg,240,333,265,426,/content/dataset/Licplatesdetection_train/license_plates_detection_train/648.jpg
649.jpg,158,456,322,500,/content/dataset/Licplatesdetection_train/license_plates_detection_train/649.jpg
65.jpg,322,170,366,266,/content/dataset/Licplatesdetection_train/license_plates_detection_train/65.jpg
650.jpg,348,113,389,280,/content/dataset/Licplatesdetection_train/license_plates_detection_train/650.jpg
651.jpg,313,361,365,560,/content/dataset/Licplatesdetection_train/license_plates_detection_train/651.jpg
652.jpg,329,206,386,391,/content/dataset/Licplatesdetection_train/license_plates_detection_train/652.jpg
653.jpg,333,19,389,117,/content/dataset/Licplatesdetection_train/license_plates_detection_train/653.jpg
654.jpg,338,296,378,394,/content/dataset/Licplatesdetection_train/license_plates_detection_train/654.jpg
655.jpg,235,213,282,319,/content/dataset/Licplatesdetection_train/license_plates_detection_train/655.jpg
656.jpg,439,311,481,496,/content/dataset/Licplatesdetection_train/license_plates_detection_train/656.jpg
657.jpg,406,99,459,237,/content/dataset/Licplatesdetection_train/license_plates_detection_train/657.jpg
658.jpg,391,282,427,462,/content/dataset/Licplatesdetection_train/license_plates_detection_train/658.jpg
659.jpg,221,310,278,382,/content/dataset/Licplatesdetection_train/license_plates_detection_train/659.jpg
66.jpg,242,437,282,544,/content/dataset/Licplatesdetection_train/license_plates_detection_train/66.jpg
660.jpg,215,96,228,163,/content/dataset/Licplatesdetection_train/license_plates_detection_train/660.jpg
661.jpg,245,348,308,531,/content/dataset/Licplatesdetection_train/license_plates_detection_train/661.jpg
662.jpg,360,242,401,446,/content/dataset/Licplatesdetection_train/license_plates_detection_train/662.jpg
663.jpg,242,165,270,287,/content/dataset/Licplatesdetection_train/license_plates_detection_train/663.jpg
664.jpg,290,140,319,246,/content/dataset/Licplatesdetection_train/license_plates_detection_train/664.jpg
665.jpg,364,211,414,423,/content/dataset/Licplatesdetection_train/license_plates_detection_train/665.jpg
666.jpg,294,310,323,433,/content/dataset/Licplatesdetection_train/license_plates_detection_train/666.jpg
667.jpg,369,301,415,537,/content/dataset/Licplatesdetection_train/license_plates_detection_train/667.jpg
668.jpg,366,276,416,557,/content/dataset/Licplatesdetection_train/license_plates_detection_train/668.jpg
669.jpg,416,133,450,293,/content/dataset/Licplatesdetection_train/license_plates_detection_train/669.jpg
67.jpg,342,561,420,648,/content/dataset/Licplatesdetection_train/license_plates_detection_train/67.jpg
670.jpg,240,267,285,381,/content/dataset/Licplatesdetection_train/license_plates_detection_train/670.jpg
671.jpg,277,304,313,399,/content/dataset/Licplatesdetection_train/license_plates_detection_train/671.jpg
672.jpg,335,131,373,279,/content/dataset/Licplatesdetection_train/license_plates_detection_train/672.jpg
673.jpg,331,304,366,492,/content/dataset/Licplatesdetection_train/license_plates_detection_train/673.jpg
674.jpg,179,214,374,260,/content/dataset/Licplatesdetection_train/license_plates_detection_train/674.jpg
675.jpg,173,119,191,189,/content/dataset/Licplatesdetection_train/license_plates_detection_train/675.jpg
676.jpg,424,113,460,272,/content/dataset/Licplatesdetection_train/license_plates_detection_train/676.jpg
677.jpg,331,74,362,204,/content/dataset/Licplatesdetection_train/license_plates_detection_train/677.jpg
678.jpg,317,395,347,522,/content/dataset/Licplatesdetection_train/license_plates_detection_train/678.jpg
679.jpg,447,113,502,194,/content/dataset/Licplatesdetection_train/license_plates_detection_train/679.jpg
68.jpg,358,116,411,202,/content/dataset/Licplatesdetection_train/license_plates_detection_train/68.jpg
680.jpg,324,285,377,469,/content/dataset/Licplatesdetection_train/license_plates_detection_train/680.jpg
681.jpg,358,284,402,383,/content/dataset/Licplatesdetection_train/license_plates_detection_train/681.jpg
682.jpg,302,65,330,190,/content/dataset/Licplatesdetection_train/license_plates_detection_train/682.jpg
683.jpg,338,88,367,167,/content/dataset/Licplatesdetection_train/license_plates_detection_train/683.jpg
684.jpg,281,89,305,199,/content/dataset/Licplatesdetection_train/license_plates_detection_train/684.jpg
685.jpg,397,343,428,498,/content/dataset/Licplatesdetection_train/license_plates_detection_train/685.jpg
686.jpg,173,103,196,191,/content/dataset/Licplatesdetection_train/license_plates_detection_train/686.jpg
687.jpg,407,111,433,240,/content/dataset/Licplatesdetection_train/license_plates_detection_train/687.jpg
688.jpg,253,166,286,332,/content/dataset/Licplatesdetection_train/license_plates_detection_train/688.jpg
689.jpg,274,97,302,210,/content/dataset/Licplatesdetection_train/license_plates_detection_train/689.jpg
69.jpg,358,118,411,207,/content/dataset/Licplatesdetection_train/license_plates_detection_train/69.jpg
690.jpg,217,170,276,356,/content/dataset/Licplatesdetection_train/license_plates_detection_train/690.jpg
691.jpg,369,291,430,535,/content/dataset/Licplatesdetection_train/license_plates_detection_train/691.jpg
692.jpg,363,322,388,453,/content/dataset/Licplatesdetection_train/license_plates_detection_train/692.jpg
693.jpg,327,320,368,502,/content/dataset/Licplatesdetection_train/license_plates_detection_train/693.jpg
694.jpg,196,143,218,223,/content/dataset/Licplatesdetection_train/license_plates_detection_train/694.jpg
695.jpg,176,143,201,215,/content/dataset/Licplatesdetection_train/license_plates_detection_train/695.jpg
696.jpg,138,210,161,312,/content/dataset/Licplatesdetection_train/license_plates_detection_train/696.jpg
697.jpg,355,119,377,222,/content/dataset/Licplatesdetection_train/license_plates_detection_train/697.jpg
698.jpg,286,107,310,198,/content/dataset/Licplatesdetection_train/license_plates_detection_train/698.jpg
699.jpg,339,160,367,287,/content/dataset/Licplatesdetection_train/license_plates_detection_train/699.jpg
7.jpg,409,154,436,290,/content/dataset/Licplatesdetection_train/license_plates_detection_train/7.jpg
70.jpg,181,401,391,449,/content/dataset/Licplatesdetection_train/license_plates_detection_train/70.jpg
700.jpg,345,128,380,290,/content/dataset/Licplatesdetection_train/license_plates_detection_train/700.jpg
701.jpg,313,112,344,220,/content/dataset/Licplatesdetection_train/license_plates_detection_train/701.jpg
702.jpg,192,108,211,170,/content/dataset/Licplatesdetection_train/license_plates_detection_train/702.jpg
703.jpg,331,345,376,523,/content/dataset/Licplatesdetection_train/license_plates_detection_train/703.jpg
704.jpg,333,397,370,539,/content/dataset/Licplatesdetection_train/license_plates_detection_train/704.jpg
705.jpg,313,130,336,202,/content/dataset/Licplatesdetection_train/license_plates_detection_train/705.jpg
706.jpg,338,281,374,388,/content/dataset/Licplatesdetection_train/license_plates_detection_train/706.jpg
707.jpg,160,478,314,515,/content/dataset/Licplatesdetection_train/license_plates_detection_train/707.jpg
708.jpg,442,418,496,571,/content/dataset/Licplatesdetection_train/license_plates_detection_train/708.jpg
709.jpg,172,103,196,192,/content/dataset/Licplatesdetection_train/license_plates_detection_train/709.jpg
71.jpg,255,195,272,288,/content/dataset/Licplatesdetection_train/license_plates_detection_train/71.jpg
710.jpg,315,108,344,209,/content/dataset/Licplatesdetection_train/license_plates_detection_train/710.jpg
711.jpg,406,252,458,473,/content/dataset/Licplatesdetection_train/license_plates_detection_train/711.jpg
712.jpg,326,260,372,448,/content/dataset/Licplatesdetection_train/license_plates_detection_train/712.jpg
713.jpg,339,134,363,272,/content/dataset/Licplatesdetection_train/license_plates_detection_train/713.jpg
714.jpg,430,367,481,600,/content/dataset/Licplatesdetection_train/license_plates_detection_train/714.jpg
715.jpg,322,114,346,206,/content/dataset/Licplatesdetection_train/license_plates_detection_train/715.jpg
716.jpg,217,107,250,208,/content/dataset/Licplatesdetection_train/license_plates_detection_train/716.jpg
717.jpg,214,169,270,276,/content/dataset/Licplatesdetection_train/license_plates_detection_train/717.jpg
718.jpg,362,140,406,289,/content/dataset/Licplatesdetection_train/license_plates_detection_train/718.jpg
719.jpg,332,308,368,458,/content/dataset/Licplatesdetection_train/license_plates_detection_train/719.jpg
72.jpg,272,159,302,213,/content/dataset/Licplatesdetection_train/license_plates_detection_train/72.jpg
720.jpg,308,171,377,419,/content/dataset/Licplatesdetection_train/license_plates_detection_train/720.jpg
721.jpg,345,70,366,150,/content/dataset/Licplatesdetection_train/license_plates_detection_train/721.jpg
722.jpg,251,128,282,222,/content/dataset/Licplatesdetection_train/license_plates_detection_train/722.jpg
723.jpg,339,343,381,489,/content/dataset/Licplatesdetection_train/license_plates_detection_train/723.jpg
724.jpg,209,90,226,148,/content/dataset/Licplatesdetection_train/license_plates_detection_train/724.jpg
725.jpg,350,156,389,281,/content/dataset/Licplatesdetection_train/license_plates_detection_train/725.jpg
726.jpg,385,406,446,552,/content/dataset/Licplatesdetection_train/license_plates_detection_train/726.jpg
727.jpg,189,321,336,355,/content/dataset/Licplatesdetection_train/license_plates_detection_train/727.jpg
728.jpg,266,98,288,196,/content/dataset/Licplatesdetection_train/license_plates_detection_train/728.jpg
729.jpg,268,290,316,497,/content/dataset/Licplatesdetection_train/license_plates_detection_train/729.jpg
73.jpg,173,417,250,443,/content/dataset/Licplatesdetection_train/license_plates_detection_train/73.jpg
730.jpg,182,84,200,160,/content/dataset/Licplatesdetection_train/license_plates_detection_train/730.jpg
731.jpg,207,117,246,254,/content/dataset/Licplatesdetection_train/license_plates_detection_train/731.jpg
732.jpg,294,114,330,266,/content/dataset/Licplatesdetection_train/license_plates_detection_train/732.jpg
733.jpg,237,98,265,201,/content/dataset/Licplatesdetection_train/license_plates_detection_train/733.jpg
734.jpg,392,237,426,387,/content/dataset/Licplatesdetection_train/license_plates_detection_train/734.jpg
735.jpg,368,293,408,438,/content/dataset/Licplatesdetection_train/license_plates_detection_train/735.jpg
736.jpg,241,577,301,702,/content/dataset/Licplatesdetection_train/license_plates_detection_train/736.jpg
737.jpg,300,108,322,197,/content/dataset/Licplatesdetection_train/license_plates_detection_train/737.jpg
738.jpg,202,238,244,426,/content/dataset/Licplatesdetection_train/license_plates_detection_train/738.jpg
739.jpg,344,281,380,463,/content/dataset/Licplatesdetection_train/license_plates_detection_train/739.jpg
74.jpg,250,286,281,393,/content/dataset/Licplatesdetection_train/license_plates_detection_train/74.jpg
740.jpg,250,549,305,593,/content/dataset/Licplatesdetection_train/license_plates_detection_train/740.jpg
741.jpg,415,302,455,539,/content/dataset/Licplatesdetection_train/license_plates_detection_train/741.jpg
742.jpg,342,81,370,214,/content/dataset/Licplatesdetection_train/license_plates_detection_train/742.jpg
743.jpg,352,85,375,192,/content/dataset/Licplatesdetection_train/license_plates_detection_train/743.jpg
744.jpg,247,129,278,259,/content/dataset/Licplatesdetection_train/license_plates_detection_train/744.jpg
745.jpg,303,81,334,204,/content/dataset/Licplatesdetection_train/license_plates_detection_train/745.jpg
746.jpg,326,152,358,237,/content/dataset/Licplatesdetection_train/license_plates_detection_train/746.jpg
747.jpg,317,121,338,245,/content/dataset/Licplatesdetection_train/license_plates_detection_train/747.jpg
748.jpg,361,321,393,456,/content/dataset/Licplatesdetection_train/license_plates_detection_train/748.jpg
749.jpg,303,135,326,201,/content/dataset/Licplatesdetection_train/license_plates_detection_train/749.jpg
75.jpg,377,156,407,273,/content/dataset/Licplatesdetection_train/license_plates_detection_train/75.jpg
750.jpg,319,167,360,312,/content/dataset/Licplatesdetection_train/license_plates_detection_train/750.jpg
751.jpg,290,163,327,246,/content/dataset/Licplatesdetection_train/license_plates_detection_train/751.jpg
752.jpg,317,287,362,470,/content/dataset/Licplatesdetection_train/license_plates_detection_train/752.jpg
753.jpg,212,358,244,476,/content/dataset/Licplatesdetection_train/license_plates_detection_train/753.jpg
754.jpg,218,327,254,498,/content/dataset/Licplatesdetection_train/license_plates_detection_train/754.jpg
755.jpg,361,188,389,291,/content/dataset/Licplatesdetection_train/license_plates_detection_train/755.jpg
756.jpg,395,339,441,514,/content/dataset/Licplatesdetection_train/license_plates_detection_train/756.jpg
757.jpg,227,308,254,368,/content/dataset/Licplatesdetection_train/license_plates_detection_train/757.jpg
758.jpg,219,314,256,437,/content/dataset/Licplatesdetection_train/license_plates_detection_train/758.jpg
759.jpg,214,139,377,235,/content/dataset/Licplatesdetection_train/license_plates_detection_train/759.jpg
76.jpg,285,137,322,282,/content/dataset/Licplatesdetection_train/license_plates_detection_train/76.jpg
760.jpg,390,305,436,488,/content/dataset/Licplatesdetection_train/license_plates_detection_train/760.jpg
761.jpg,385,242,431,442,/content/dataset/Licplatesdetection_train/license_plates_detection_train/761.jpg
762.jpg,293,269,335,363,/content/dataset/Licplatesdetection_train/license_plates_detection_train/762.jpg
763.jpg,299,157,326,274,/content/dataset/Licplatesdetection_train/license_plates_detection_train/763.jpg
764.jpg,318,252,391,429,/content/dataset/Licplatesdetection_train/license_plates_detection_train/764.jpg
765.jpg,381,140,414,306,/content/dataset/Licplatesdetection_train/license_plates_detection_train/765.jpg
766.jpg,169,381,334,419,/content/dataset/Licplatesdetection_train/license_plates_detection_train/766.jpg
767.jpg,362,241,400,443,/content/dataset/Licplatesdetection_train/license_plates_detection_train/767.jpg
768.jpg,233,163,256,239,/content/dataset/Licplatesdetection_train/license_plates_detection_train/768.jpg
769.jpg,308,81,332,187,/content/dataset/Licplatesdetection_train/license_plates_detection_train/769.jpg
77.jpg,336,1,419,116,/content/dataset/Licplatesdetection_train/license_plates_detection_train/77.jpg
770.jpg,337,126,369,211,/content/dataset/Licplatesdetection_train/license_plates_detection_train/770.jpg
771.jpg,278,60,323,200,/content/dataset/Licplatesdetection_train/license_plates_detection_train/771.jpg
772.jpg,443,296,498,475,/content/dataset/Licplatesdetection_train/license_plates_detection_train/772.jpg
773.jpg,349,132,388,259,/content/dataset/Licplatesdetection_train/license_plates_detection_train/773.jpg
774.jpg,233,100,257,202,/content/dataset/Licplatesdetection_train/license_plates_detection_train/774.jpg
775.jpg,327,260,368,414,/content/dataset/Licplatesdetection_train/license_plates_detection_train/775.jpg
776.jpg,411,251,456,472,/content/dataset/Licplatesdetection_train/license_plates_detection_train/776.jpg
777.jpg,274,144,305,272,/content/dataset/Licplatesdetection_train/license_plates_detection_train/777.jpg
778.jpg,351,84,379,194,/content/dataset/Licplatesdetection_train/license_plates_detection_train/778.jpg
779.jpg,246,312,287,459,/content/dataset/Licplatesdetection_train/license_plates_detection_train/779.jpg
78.jpg,248,417,370,446,/content/dataset/Licplatesdetection_train/license_plates_detection_train/78.jpg
780.jpg,355,175,378,261,/content/dataset/Licplatesdetection_train/license_plates_detection_train/780.jpg
781.jpg,375,350,399,449,/content/dataset/Licplatesdetection_train/license_plates_detection_train/781.jpg
782.jpg,340,294,374,447,/content/dataset/Licplatesdetection_train/license_plates_detection_train/782.jpg
783.jpg,302,127,346,287,/content/dataset/Licplatesdetection_train/license_plates_detection_train/783.jpg
784.jpg,249,160,271,244,/content/dataset/Licplatesdetection_train/license_plates_detection_train/784.jpg
785.jpg,253,356,283,470,/content/dataset/Licplatesdetection_train/license_plates_detection_train/785.jpg
786.jpg,275,236,325,465,/content/dataset/Licplatesdetection_train/license_plates_detection_train/786.jpg
787.jpg,456,294,506,454,/content/dataset/Licplatesdetection_train/license_plates_detection_train/787.jpg
788.jpg,320,186,373,300,/content/dataset/Licplatesdetection_train/license_plates_detection_train/788.jpg
789.jpg,261,368,291,460,/content/dataset/Licplatesdetection_train/license_plates_detection_train/789.jpg
79.jpg,285,424,305,507,/content/dataset/Licplatesdetection_train/license_plates_detection_train/79.jpg
790.jpg,340,127,357,208,/content/dataset/Licplatesdetection_train/license_plates_detection_train/790.jpg
791.jpg,344,160,372,270,/content/dataset/Licplatesdetection_train/license_plates_detection_train/791.jpg
792.jpg,406,156,442,265,/content/dataset/Licplatesdetection_train/license_plates_detection_train/792.jpg
793.jpg,394,223,437,416,/content/dataset/Licplatesdetection_train/license_plates_detection_train/793.jpg
794.jpg,318,146,357,296,/content/dataset/Licplatesdetection_train/license_plates_detection_train/794.jpg
795.jpg,303,372,327,476,/content/dataset/Licplatesdetection_train/license_plates_detection_train/795.jpg
796.jpg,364,133,389,252,/content/dataset/Licplatesdetection_train/license_plates_detection_train/796.jpg
797.jpg,287,197,319,311,/content/dataset/Licplatesdetection_train/license_plates_detection_train/797.jpg
798.jpg,256,101,314,211,/content/dataset/Licplatesdetection_train/license_plates_detection_train/798.jpg
799.jpg,303,32,396,149,/content/dataset/Licplatesdetection_train/license_plates_detection_train/799.jpg
8.jpg,289,159,317,273,/content/dataset/Licplatesdetection_train/license_plates_detection_train/8.jpg
80.jpg,405,304,448,490,/content/dataset/Licplatesdetection_train/license_plates_detection_train/80.jpg
800.jpg,330,397,389,577,/content/dataset/Licplatesdetection_train/license_plates_detection_train/800.jpg
801.jpg,298,277,364,549,/content/dataset/Licplatesdetection_train/license_plates_detection_train/801.jpg
802.jpg,328,123,371,289,/content/dataset/Licplatesdetection_train/license_plates_detection_train/802.jpg
803.jpg,293,293,333,455,/content/dataset/Licplatesdetection_train/license_plates_detection_train/803.jpg
804.jpg,203,346,245,525,/content/dataset/Licplatesdetection_train/license_plates_detection_train/804.jpg
805.jpg,418,138,461,304,/content/dataset/Licplatesdetection_train/license_plates_detection_train/805.jpg
806.jpg,339,105,370,202,/content/dataset/Licplatesdetection_train/license_plates_detection_train/806.jpg
807.jpg,191,116,221,217,/content/dataset/Licplatesdetection_train/license_plates_detection_train/807.jpg
808.jpg,343,349,370,456,/content/dataset/Licplatesdetection_train/license_plates_detection_train/808.jpg
809.jpg,305,136,336,239,/content/dataset/Licplatesdetection_train/license_plates_detection_train/809.jpg
81.jpg,307,171,333,283,/content/dataset/Licplatesdetection_train/license_plates_detection_train/81.jpg
810.jpg,391,651,456,730,/content/dataset/Licplatesdetection_train/license_plates_detection_train/810.jpg
811.jpg,301,58,324,134,/content/dataset/Licplatesdetection_train/license_plates_detection_train/811.jpg
812.jpg,288,484,321,645,/content/dataset/Licplatesdetection_train/license_plates_detection_train/812.jpg
813.jpg,263,53,318,136,/content/dataset/Licplatesdetection_train/license_plates_detection_train/813.jpg
814.jpg,337,279,375,388,/content/dataset/Licplatesdetection_train/license_plates_detection_train/814.jpg
815.jpg,357,393,394,540,/content/dataset/Licplatesdetection_train/license_plates_detection_train/815.jpg
816.jpg,420,406,492,546,/content/dataset/Licplatesdetection_train/license_plates_detection_train/816.jpg
817.jpg,309,130,336,233,/content/dataset/Licplatesdetection_train/license_plates_detection_train/817.jpg
818.jpg,346,306,383,425,/content/dataset/Licplatesdetection_train/license_plates_detection_train/818.jpg
819.jpg,294,360,343,494,/content/dataset/Licplatesdetection_train/license_plates_detection_train/819.jpg
82.jpg,453,42,527,165,/content/dataset/Licplatesdetection_train/license_plates_detection_train/82.jpg
820.jpg,263,133,294,254,/content/dataset/Licplatesdetection_train/license_plates_detection_train/820.jpg
821.jpg,333,137,387,238,/content/dataset/Licplatesdetection_train/license_plates_detection_train/821.jpg
822.jpg,392,179,427,326,/content/dataset/Licplatesdetection_train/license_plates_detection_train/822.jpg
823.jpg,360,84,394,204,/content/dataset/Licplatesdetection_train/license_plates_detection_train/823.jpg
824.jpg,441,267,497,540,/content/dataset/Licplatesdetection_train/license_plates_detection_train/824.jpg
825.jpg,286,156,310,257,/content/dataset/Licplatesdetection_train/license_plates_detection_train/825.jpg
826.jpg,194,240,222,338,/content/dataset/Licplatesdetection_train/license_plates_detection_train/826.jpg
827.jpg,347,562,412,679,/content/dataset/Licplatesdetection_train/license_plates_detection_train/827.jpg
828.jpg,252,129,280,220,/content/dataset/Licplatesdetection_train/license_plates_detection_train/828.jpg
829.jpg,265,313,303,444,/content/dataset/Licplatesdetection_train/license_plates_detection_train/829.jpg
83.jpg,346,253,399,471,/content/dataset/Licplatesdetection_train/license_plates_detection_train/83.jpg
830.jpg,238,302,280,471,/content/dataset/Licplatesdetection_train/license_plates_detection_train/830.jpg
831.jpg,333,306,370,458,/content/dataset/Licplatesdetection_train/license_plates_detection_train/831.jpg
832.jpg,394,583,457,718,/content/dataset/Licplatesdetection_train/license_plates_detection_train/832.jpg
833.jpg,213,254,265,403,/content/dataset/Licplatesdetection_train/license_plates_detection_train/833.jpg
834.jpg,425,276,480,516,/content/dataset/Licplatesdetection_train/license_plates_detection_train/834.jpg
835.jpg,309,111,349,228,/content/dataset/Licplatesdetection_train/license_plates_detection_train/835.jpg
836.jpg,298,468,374,589,/content/dataset/Licplatesdetection_train/license_plates_detection_train/836.jpg
837.jpg,341,118,384,280,/content/dataset/Licplatesdetection_train/license_plates_detection_train/837.jpg
838.jpg,382,49,423,184,/content/dataset/Licplatesdetection_train/license_plates_detection_train/838.jpg
839.jpg,275,545,320,642,/content/dataset/Licplatesdetection_train/license_plates_detection_train/839.jpg
84.jpg,279,199,323,261,/content/dataset/Licplatesdetection_train/license_plates_detection_train/84.jpg
840.jpg,392,219,447,518,/content/dataset/Licplatesdetection_train/license_plates_detection_train/840.jpg
841.jpg,371,256,414,470,/content/dataset/Licplatesdetection_train/license_plates_detection_train/841.jpg
842.jpg,292,239,330,378,/content/dataset/Licplatesdetection_train/license_plates_detection_train/842.jpg
843.jpg,191,155,218,253,/content/dataset/Licplatesdetection_train/license_plates_detection_train/843.jpg
844.jpg,294,307,340,502,/content/dataset/Licplatesdetection_train/license_plates_detection_train/844.jpg
845.jpg,336,147,367,263,/content/dataset/Licplatesdetection_train/license_plates_detection_train/845.jpg
846.jpg,282,166,314,287,/content/dataset/Licplatesdetection_train/license_plates_detection_train/846.jpg
847.jpg,349,297,373,427,/content/dataset/Licplatesdetection_train/license_plates_detection_train/847.jpg
848.jpg,176,161,208,278,/content/dataset/Licplatesdetection_train/license_plates_detection_train/848.jpg
849.jpg,322,186,353,319,/content/dataset/Licplatesdetection_train/license_plates_detection_train/849.jpg
85.jpg,362,498,426,600,/content/dataset/Licplatesdetection_train/license_plates_detection_train/85.jpg
850.jpg,301,125,329,266,/content/dataset/Licplatesdetection_train/license_plates_detection_train/850.jpg
851.jpg,409,265,546,499,/content/dataset/Licplatesdetection_train/license_plates_detection_train/851.jpg
852.jpg,387,99,420,230,/content/dataset/Licplatesdetection_train/license_plates_detection_train/852.jpg
853.jpg,400,142,434,221,/content/dataset/Licplatesdetection_train/license_plates_detection_train/853.jpg
854.jpg,412,94,456,227,/content/dataset/Licplatesdetection_train/license_plates_detection_train/854.jpg
855.jpg,231,126,251,210,/content/dataset/Licplatesdetection_train/license_plates_detection_train/855.jpg
856.jpg,306,138,390,244,/content/dataset/Licplatesdetection_train/license_plates_detection_train/856.jpg
857.jpg,202,536,233,585,/content/dataset/Licplatesdetection_train/license_plates_detection_train/857.jpg
858.jpg,280,92,308,198,/content/dataset/Licplatesdetection_train/license_plates_detection_train/858.jpg
859.jpg,208,593,253,686,/content/dataset/Licplatesdetection_train/license_plates_detection_train/859.jpg
86.jpg,334,258,378,470,/content/dataset/Licplatesdetection_train/license_plates_detection_train/86.jpg
860.jpg,329,375,379,520,/content/dataset/Licplatesdetection_train/license_plates_detection_train/860.jpg
861.jpg,223,107,259,155,/content/dataset/Licplatesdetection_train/license_plates_detection_train/861.jpg
862.jpg,363,221,403,386,/content/dataset/Licplatesdetection_train/license_plates_detection_train/862.jpg
863.jpg,245,158,274,278,/content/dataset/Licplatesdetection_train/license_plates_detection_train/863.jpg
864.jpg,312,308,358,508,/content/dataset/Licplatesdetection_train/license_plates_detection_train/864.jpg
865.jpg,194,255,221,324,/content/dataset/Licplatesdetection_train/license_plates_detection_train/865.jpg
866.jpg,304,157,341,300,/content/dataset/Licplatesdetection_train/license_plates_detection_train/866.jpg
867.jpg,356,68,399,242,/content/dataset/Licplatesdetection_train/license_plates_detection_train/867.jpg
868.jpg,349,308,379,464,/content/dataset/Licplatesdetection_train/license_plates_detection_train/868.jpg
869.jpg,386,268,433,429,/content/dataset/Licplatesdetection_train/license_plates_detection_train/869.jpg
87.jpg,404,263,445,461,/content/dataset/Licplatesdetection_train/license_plates_detection_train/87.jpg
870.jpg,249,100,269,190,/content/dataset/Licplatesdetection_train/license_plates_detection_train/870.jpg
871.jpg,324,210,397,495,/content/dataset/Licplatesdetection_train/license_plates_detection_train/871.jpg
872.jpg,276,58,309,150,/content/dataset/Licplatesdetection_train/license_plates_detection_train/872.jpg
873.jpg,387,169,426,306,/content/dataset/Licplatesdetection_train/license_plates_detection_train/873.jpg
874.jpg,208,478,249,572,/content/dataset/Licplatesdetection_train/license_plates_detection_train/874.jpg
875.jpg,357,477,428,641,/content/dataset/Licplatesdetection_train/license_plates_detection_train/875.jpg
876.jpg,274,312,322,510,/content/dataset/Licplatesdetection_train/license_plates_detection_train/876.jpg
877.jpg,299,628,348,741,/content/dataset/Licplatesdetection_train/license_plates_detection_train/877.jpg
878.jpg,406,318,454,505,/content/dataset/Licplatesdetection_train/license_plates_detection_train/878.jpg
879.jpg,269,113,296,220,/content/dataset/Licplatesdetection_train/license_plates_detection_train/879.jpg
88.jpg,439,329,467,517,/content/dataset/Licplatesdetection_train/license_plates_detection_train/88.jpg
880.jpg,393,366,431,520,/content/dataset/Licplatesdetection_train/license_plates_detection_train/880.jpg
881.jpg,241,86,263,189,/content/dataset/Licplatesdetection_train/license_plates_detection_train/881.jpg
882.jpg,383,277,424,450,/content/dataset/Licplatesdetection_train/license_plates_detection_train/882.jpg
883.jpg,322,100,353,216,/content/dataset/Licplatesdetection_train/license_plates_detection_train/883.jpg
884.jpg,300,516,346,619,/content/dataset/Licplatesdetection_train/license_plates_detection_train/884.jpg
885.jpg,369,349,433,543,/content/dataset/Licplatesdetection_train/license_plates_detection_train/885.jpg
886.jpg,444,170,484,286,/content/dataset/Licplatesdetection_train/license_plates_detection_train/886.jpg
887.jpg,349,139,375,243,/content/dataset/Licplatesdetection_train/license_plates_detection_train/887.jpg
888.jpg,333,525,398,623,/content/dataset/Licplatesdetection_train/license_plates_detection_train/888.jpg
889.jpg,320,347,340,419,/content/dataset/Licplatesdetection_train/license_plates_detection_train/889.jpg
89.jpg,261,144,301,343,/content/dataset/Licplatesdetection_train/license_plates_detection_train/89.jpg
890.jpg,422,306,463,495,/content/dataset/Licplatesdetection_train/license_plates_detection_train/890.jpg
891.jpg,377,166,430,305,/content/dataset/Licplatesdetection_train/license_plates_detection_train/891.jpg
892.jpg,333,156,362,276,/content/dataset/Licplatesdetection_train/license_plates_detection_train/892.jpg
893.jpg,307,382,362,508,/content/dataset/Licplatesdetection_train/license_plates_detection_train/893.jpg
894.jpg,313,345,348,490,/content/dataset/Licplatesdetection_train/license_plates_detection_train/894.jpg
895.jpg,260,94,293,220,/content/dataset/Licplatesdetection_train/license_plates_detection_train/895.jpg
896.jpg,383,354,426,499,/content/dataset/Licplatesdetection_train/license_plates_detection_train/896.jpg
897.jpg,345,79,379,198,/content/dataset/Licplatesdetection_train/license_plates_detection_train/897.jpg
898.jpg,341,316,390,523,/content/dataset/Licplatesdetection_train/license_plates_detection_train/898.jpg
899.jpg,239,133,260,210,/content/dataset/Licplatesdetection_train/license_plates_detection_train/899.jpg
9.jpg,146,433,316,458,/content/dataset/Licplatesdetection_train/license_plates_detection_train/9.jpg
90.jpg,337,129,361,211,/content/dataset/Licplatesdetection_train/license_plates_detection_train/90.jpg
900.jpg,286,266,332,421,/content/dataset/Licplatesdetection_train/license_plates_detection_train/900.jpg
91.jpg,210,316,363,348,/content/dataset/Licplatesdetection_train/license_plates_detection_train/91.jpg
92.jpg,397,284,431,461,/content/dataset/Licplatesdetection_train/license_plates_detection_train/92.jpg
93.jpg,125,321,245,374,/content/dataset/Licplatesdetection_train/license_plates_detection_train/93.jpg
94.jpg,399,559,470,647,/content/dataset/Licplatesdetection_train/license_plates_detection_train/94.jpg
95.jpg,426,34,508,140,/content/dataset/Licplatesdetection_train/license_plates_detection_train/95.jpg
96.jpg,356,378,457,548,/content/dataset/Licplatesdetection_train/license_plates_detection_train/96.jpg
97.jpg,229,149,283,217,/content/dataset/Licplatesdetection_train/license_plates_detection_train/97.jpg
98.jpg,272,252,300,383,/content/dataset/Licplatesdetection_train/license_plates_detection_train/98.jpg
99.jpg,53,503,217,569,/content/dataset/Licplatesdetection_train/license_plates_detection_train/99.jpg
